symbol,source_feed,bucket,required_asset,last_date,polygon_ticker,security_type,note
#AMEXAD,norgate,norgate_only_exclude_nontradeable,False,2026-04-22,,breadth,norgate breadth/index
#AMEXADR,norgate,norgate_only_exclude_nontradeable,False,2026-04-22,,breadth,norgate breadth/index
#AMEXADV,norgate,norgate_only_exclude_nontradeable,False,2026-04-22,,breadth,norgate breadth/index
#AMEXADVR,norgate,norgate_only_exclude_nontradeable,False,2026-04-22,,breadth,norgate breadth/index
#AMEXDEC,norgate,norgate_only_exclude_nontradeable,False,2026-04-22,,breadth,norgate breadth/index
#AMEXHI,norgate,norgate_only_exclude_nontradeable,False,2026-04-22,,breadth,norgate breadth/index
#AMEXHL,norgate,norgate_only_exclude_nontradeable,False,2026-04-22,,breadth,norgate breadth/index
#AMEXLO,norgate,norgate_only_exclude_nontradeable,False,2026-04-22,,breadth,norgate breadth/index
#AMEXTRIN,norgate,norgate_only_exclude_nontradeable,False,2026-04-22,,breadth,norgate breadth/index
#AMEXUNC,norgate,norgate_only_exclude_nontradeable,False,2026-04-22,,breadth,norgate breadth/index
#CBOEPC,norgate,norgate_only_exclude_nontradeable,False,2026-04-21,,breadth,norgate breadth/index
#CBOEPCE,norgate,norgate_only_exclude_nontradeable,False,2026-04-21,,breadth,norgate breadth/index
#CBOEPCI,norgate,norgate_only_exclude_nontradeable,False,2026-04-21,,breadth,norgate breadth/index
#CBOEPCSPX,norgate,norgate_only_exclude_nontradeable,False,2026-04-21,,breadth,norgate breadth/index
#COMP%MA100,norgate,norgate_only_exclude_nontradeable,False,2026-04-22,,breadth,norgate breadth/index
#COMP%MA150,norgate,norgate_only_exclude_nontradeable,False,2026-04-22,,breadth,norgate breadth/index
#COMP%MA20,norgate,norgate_only_exclude_nontradeable,False,2026-04-22,,breadth,norgate breadth/index
#COMP%MA200,norgate,norgate_only_exclude_nontradeable,False,2026-04-22,,breadth,norgate breadth/index
#COMP%MA50,norgate,norgate_only_exclude_nontradeable,False,2026-04-22,,breadth,norgate breadth/index
#COMP13WHI,norgate,norgate_only_exclude_nontradeable,False,2026-04-22,,breadth,norgate breadth/index
#COMP13WHL,norgate,norgate_only_exclude_nontradeable,False,2026-04-22,,breadth,norgate breadth/index
#COMP13WLO,norgate,norgate_only_exclude_nontradeable,False,2026-04-22,,breadth,norgate breadth/index
#COMP26WHI,norgate,norgate_only_exclude_nontradeable,False,2026-04-22,,breadth,norgate breadth/index
#COMP26WHL,norgate,norgate_only_exclude_nontradeable,False,2026-04-22,,breadth,norgate breadth/index
#COMP26WLO,norgate,norgate_only_exclude_nontradeable,False,2026-04-22,,breadth,norgate breadth/index
#COMP4WHI,norgate,norgate_only_exclude_nontradeable,False,2026-04-22,,breadth,norgate breadth/index
#COMP4WHL,norgate,norgate_only_exclude_nontradeable,False,2026-04-22,,breadth,norgate breadth/index
#COMP4WLO,norgate,norgate_only_exclude_nontradeable,False,2026-04-22,,breadth,norgate breadth/index
#COMP52WHI,norgate,norgate_only_exclude_nontradeable,False,2026-04-22,,breadth,norgate breadth/index
#COMP52WHL,norgate,norgate_only_exclude_nontradeable,False,2026-04-22,,breadth,norgate breadth/index
#COMP52WLO,norgate,norgate_only_exclude_nontradeable,False,2026-04-22,,breadth,norgate breadth/index
#COMPAD,norgate,norgate_only_exclude_nontradeable,False,2026-04-22,,breadth,norgate breadth/index
#COMPADR,norgate,norgate_only_exclude_nontradeable,False,2026-04-22,,breadth,norgate breadth/index
#COMPADV,norgate,norgate_only_exclude_nontradeable,False,2026-04-22,,breadth,norgate breadth/index
#COMPAVGBB%B,norgate,norgate_only_exclude_nontradeable,False,2026-04-22,,breadth,norgate breadth/index
#COMPAVGW%R,norgate,norgate_only_exclude_nontradeable,False,2026-04-22,,breadth,norgate breadth/index
#COMPBB%B,norgate,norgate_only_exclude_nontradeable,False,2026-04-22,,breadth,norgate breadth/index
#COMPCOPP,norgate,norgate_only_exclude_nontradeable,False,2026-04-22,,breadth,norgate breadth/index
#COMPDEC,norgate,norgate_only_exclude_nontradeable,False,2026-04-22,,breadth,norgate breadth/index
#COMPITBM,norgate,norgate_only_exclude_nontradeable,False,2026-04-22,,breadth,norgate breadth/index
#COMPITVM,norgate,norgate_only_exclude_nontradeable,False,2026-04-22,,breadth,norgate breadth/index
#COMPMCOSC,norgate,norgate_only_exclude_nontradeable,False,2026-04-22,,breadth,norgate breadth/index
#COMPMCOSCV,norgate,norgate_only_exclude_nontradeable,False,2026-04-22,,breadth,norgate breadth/index
#COMPMCSUM,norgate,norgate_only_exclude_nontradeable,False,2026-04-22,,breadth,norgate breadth/index
#COMPSWTR,norgate,norgate_only_exclude_nontradeable,False,2026-04-22,,breadth,norgate breadth/index
#COMPTRIN,norgate,norgate_only_exclude_nontradeable,False,2026-04-22,,breadth,norgate breadth/index
#COMPUNC,norgate,norgate_only_exclude_nontradeable,False,2026-04-22,,breadth,norgate breadth/index
#COMPW%R,norgate,norgate_only_exclude_nontradeable,False,2026-04-22,,breadth,norgate breadth/index
#COMPZWBT,norgate,norgate_only_exclude_nontradeable,False,2026-04-22,,breadth,norgate breadth/index
#DJI%MA100,norgate,norgate_only_exclude_nontradeable,False,2026-04-22,,breadth,norgate breadth/index
#DJI%MA150,norgate,norgate_only_exclude_nontradeable,False,2026-04-22,,breadth,norgate breadth/index
#DJI%MA20,norgate,norgate_only_exclude_nontradeable,False,2026-04-22,,breadth,norgate breadth/index
#DJI%MA200,norgate,norgate_only_exclude_nontradeable,False,2026-04-22,,breadth,norgate breadth/index
#DJI%MA50,norgate,norgate_only_exclude_nontradeable,False,2026-04-22,,breadth,norgate breadth/index
#DJI13WHI,norgate,norgate_only_exclude_nontradeable,False,2026-04-22,,breadth,norgate breadth/index
#DJI13WHL,norgate,norgate_only_exclude_nontradeable,False,2026-04-22,,breadth,norgate breadth/index
#DJI13WLO,norgate,norgate_only_exclude_nontradeable,False,2026-04-22,,breadth,norgate breadth/index
#DJI26WHI,norgate,norgate_only_exclude_nontradeable,False,2026-04-22,,breadth,norgate breadth/index
#DJI26WHL,norgate,norgate_only_exclude_nontradeable,False,2026-04-22,,breadth,norgate breadth/index
#DJI26WLO,norgate,norgate_only_exclude_nontradeable,False,2026-04-22,,breadth,norgate breadth/index
#DJI4WHI,norgate,norgate_only_exclude_nontradeable,False,2026-04-22,,breadth,norgate breadth/index
#DJI4WHL,norgate,norgate_only_exclude_nontradeable,False,2026-04-22,,breadth,norgate breadth/index
#DJI4WLO,norgate,norgate_only_exclude_nontradeable,False,2026-04-22,,breadth,norgate breadth/index
#DJI52WHI,norgate,norgate_only_exclude_nontradeable,False,2026-04-22,,breadth,norgate breadth/index
#DJI52WHL,norgate,norgate_only_exclude_nontradeable,False,2026-04-22,,breadth,norgate breadth/index
#DJI52WLO,norgate,norgate_only_exclude_nontradeable,False,2026-04-22,,breadth,norgate breadth/index
#DJIAD,norgate,norgate_only_exclude_nontradeable,False,2026-04-22,,breadth,norgate breadth/index
#DJIADR,norgate,norgate_only_exclude_nontradeable,False,2026-04-22,,breadth,norgate breadth/index
#DJIADV,norgate,norgate_only_exclude_nontradeable,False,2026-04-22,,breadth,norgate breadth/index
#DJIAVGBB%B,norgate,norgate_only_exclude_nontradeable,False,2026-04-22,,breadth,norgate breadth/index
#DJIAVGW%R,norgate,norgate_only_exclude_nontradeable,False,2026-04-22,,breadth,norgate breadth/index
#DJIBB%B,norgate,norgate_only_exclude_nontradeable,False,2026-04-22,,breadth,norgate breadth/index
#DJICOPP,norgate,norgate_only_exclude_nontradeable,False,2026-04-22,,breadth,norgate breadth/index
#DJIDEC,norgate,norgate_only_exclude_nontradeable,False,2026-04-22,,breadth,norgate breadth/index
#DJIITBM,norgate,norgate_only_exclude_nontradeable,False,2026-04-22,,breadth,norgate breadth/index
#DJIITVM,norgate,norgate_only_exclude_nontradeable,False,2026-04-22,,breadth,norgate breadth/index
#DJIMCOSC,norgate,norgate_only_exclude_nontradeable,False,2026-04-22,,breadth,norgate breadth/index
#DJIMCOSCV,norgate,norgate_only_exclude_nontradeable,False,2026-04-22,,breadth,norgate breadth/index
#DJIMCSUM,norgate,norgate_only_exclude_nontradeable,False,2026-04-22,,breadth,norgate breadth/index
#DJISWTR,norgate,norgate_only_exclude_nontradeable,False,2026-04-22,,breadth,norgate breadth/index
#DJITRIN,norgate,norgate_only_exclude_nontradeable,False,2026-04-22,,breadth,norgate breadth/index
#DJIUNC,norgate,norgate_only_exclude_nontradeable,False,2026-04-22,,breadth,norgate breadth/index
#DJIW%R,norgate,norgate_only_exclude_nontradeable,False,2026-04-22,,breadth,norgate breadth/index
#DJIXAU,norgate,norgate_only_exclude_nontradeable,False,2026-04-22,,breadth,norgate breadth/index
#DJIZWBT,norgate,norgate_only_exclude_nontradeable,False,2026-04-22,,breadth,norgate breadth/index
#MID%MA100,norgate,norgate_only_exclude_nontradeable,False,2026-04-22,,breadth,norgate breadth/index
#MID%MA150,norgate,norgate_only_exclude_nontradeable,False,2026-04-22,,breadth,norgate breadth/index
#MID%MA20,norgate,norgate_only_exclude_nontradeable,False,2026-04-22,,breadth,norgate breadth/index
#MID%MA200,norgate,norgate_only_exclude_nontradeable,False,2026-04-22,,breadth,norgate breadth/index
#MID%MA50,norgate,norgate_only_exclude_nontradeable,False,2026-04-22,,breadth,norgate breadth/index
#MID13WHI,norgate,norgate_only_exclude_nontradeable,False,2026-04-22,,breadth,norgate breadth/index
#MID13WHL,norgate,norgate_only_exclude_nontradeable,False,2026-04-22,,breadth,norgate breadth/index
#MID13WLO,norgate,norgate_only_exclude_nontradeable,False,2026-04-22,,breadth,norgate breadth/index
#MID26WHI,norgate,norgate_only_exclude_nontradeable,False,2026-04-22,,breadth,norgate breadth/index
#MID26WHL,norgate,norgate_only_exclude_nontradeable,False,2026-04-22,,breadth,norgate breadth/index
#MID26WLO,norgate,norgate_only_exclude_nontradeable,False,2026-04-22,,breadth,norgate breadth/index
#MID4WHI,norgate,norgate_only_exclude_nontradeable,False,2026-04-22,,breadth,norgate breadth/index
#MID4WHL,norgate,norgate_only_exclude_nontradeable,False,2026-04-22,,breadth,norgate breadth/index
#MID4WLO,norgate,norgate_only_exclude_nontradeable,False,2026-04-22,,breadth,norgate breadth/index
#MID52WHI,norgate,norgate_only_exclude_nontradeable,False,2026-04-22,,breadth,norgate breadth/index
#MID52WHL,norgate,norgate_only_exclude_nontradeable,False,2026-04-22,,breadth,norgate breadth/index
#MID52WLO,norgate,norgate_only_exclude_nontradeable,False,2026-04-22,,breadth,norgate breadth/index
#MIDAD,norgate,norgate_only_exclude_nontradeable,False,2026-04-22,,breadth,norgate breadth/index
#MIDADR,norgate,norgate_only_exclude_nontradeable,False,2026-04-22,,breadth,norgate breadth/index
#MIDADV,norgate,norgate_only_exclude_nontradeable,False,2026-04-22,,breadth,norgate breadth/index
#MIDAVGBB%B,norgate,norgate_only_exclude_nontradeable,False,2026-04-22,,breadth,norgate breadth/index
#MIDAVGW%R,norgate,norgate_only_exclude_nontradeable,False,2026-04-22,,breadth,norgate breadth/index
#MIDBB%B,norgate,norgate_only_exclude_nontradeable,False,2026-04-22,,breadth,norgate breadth/index
#MIDCOPP,norgate,norgate_only_exclude_nontradeable,False,2026-04-22,,breadth,norgate breadth/index
#MIDDEC,norgate,norgate_only_exclude_nontradeable,False,2026-04-22,,breadth,norgate breadth/index
#MIDITBM,norgate,norgate_only_exclude_nontradeable,False,2026-04-22,,breadth,norgate breadth/index
#MIDITVM,norgate,norgate_only_exclude_nontradeable,False,2026-04-22,,breadth,norgate breadth/index
#MIDMCOSC,norgate,norgate_only_exclude_nontradeable,False,2026-04-22,,breadth,norgate breadth/index
#MIDMCOSCV,norgate,norgate_only_exclude_nontradeable,False,2026-04-22,,breadth,norgate breadth/index
#MIDMCSUM,norgate,norgate_only_exclude_nontradeable,False,2026-04-22,,breadth,norgate breadth/index
#MIDSWTR,norgate,norgate_only_exclude_nontradeable,False,2026-04-22,,breadth,norgate breadth/index
#MIDTRIN,norgate,norgate_only_exclude_nontradeable,False,2026-04-22,,breadth,norgate breadth/index
#MIDUNC,norgate,norgate_only_exclude_nontradeable,False,2026-04-22,,breadth,norgate breadth/index
#MIDW%R,norgate,norgate_only_exclude_nontradeable,False,2026-04-22,,breadth,norgate breadth/index
#MIDZWBT,norgate,norgate_only_exclude_nontradeable,False,2026-04-22,,breadth,norgate breadth/index
#NASAD,norgate,norgate_only_exclude_nontradeable,False,2026-04-22,,breadth,norgate breadth/index
#NASADR,norgate,norgate_only_exclude_nontradeable,False,2026-04-22,,breadth,norgate breadth/index
#NASADV,norgate,norgate_only_exclude_nontradeable,False,2026-04-22,,breadth,norgate breadth/index
#NASADVR,norgate,norgate_only_exclude_nontradeable,False,2026-04-22,,breadth,norgate breadth/index
#NASDEC,norgate,norgate_only_exclude_nontradeable,False,2026-04-22,,breadth,norgate breadth/index
#NASHI,norgate,norgate_only_exclude_nontradeable,False,2026-04-22,,breadth,norgate breadth/index
#NASHL,norgate,norgate_only_exclude_nontradeable,False,2026-04-22,,breadth,norgate breadth/index
#NASLO,norgate,norgate_only_exclude_nontradeable,False,2026-04-22,,breadth,norgate breadth/index
#NASTRIN,norgate,norgate_only_exclude_nontradeable,False,2026-04-22,,breadth,norgate breadth/index
#NASUNC,norgate,norgate_only_exclude_nontradeable,False,2026-04-22,,breadth,norgate breadth/index
#NDX%MA100,norgate,norgate_only_exclude_nontradeable,False,2026-04-22,,breadth,norgate breadth/index
#NDX%MA150,norgate,norgate_only_exclude_nontradeable,False,2026-04-22,,breadth,norgate breadth/index
#NDX%MA20,norgate,norgate_only_exclude_nontradeable,False,2026-04-22,,breadth,norgate breadth/index
#NDX%MA200,norgate,norgate_only_exclude_nontradeable,False,2026-04-22,,breadth,norgate breadth/index
#NDX%MA50,norgate,norgate_only_exclude_nontradeable,False,2026-04-22,,breadth,norgate breadth/index
#NDX13WHI,norgate,norgate_only_exclude_nontradeable,False,2026-04-22,,breadth,norgate breadth/index
#NDX13WHL,norgate,norgate_only_exclude_nontradeable,False,2026-04-22,,breadth,norgate breadth/index
#NDX13WLO,norgate,norgate_only_exclude_nontradeable,False,2026-04-22,,breadth,norgate breadth/index
#NDX26WHI,norgate,norgate_only_exclude_nontradeable,False,2026-04-22,,breadth,norgate breadth/index
#NDX26WHL,norgate,norgate_only_exclude_nontradeable,False,2026-04-22,,breadth,norgate breadth/index
#NDX26WLO,norgate,norgate_only_exclude_nontradeable,False,2026-04-22,,breadth,norgate breadth/index
#NDX4WHI,norgate,norgate_only_exclude_nontradeable,False,2026-04-22,,breadth,norgate breadth/index
#NDX4WHL,norgate,norgate_only_exclude_nontradeable,False,2026-04-22,,breadth,norgate breadth/index
#NDX4WLO,norgate,norgate_only_exclude_nontradeable,False,2026-04-22,,breadth,norgate breadth/index
#NDX52WHI,norgate,norgate_only_exclude_nontradeable,False,2026-04-22,,breadth,norgate breadth/index
#NDX52WHL,norgate,norgate_only_exclude_nontradeable,False,2026-04-22,,breadth,norgate breadth/index
#NDX52WLO,norgate,norgate_only_exclude_nontradeable,False,2026-04-22,,breadth,norgate breadth/index
#NDXAD,norgate,norgate_only_exclude_nontradeable,False,2026-04-22,,breadth,norgate breadth/index
#NDXADR,norgate,norgate_only_exclude_nontradeable,False,2026-04-22,,breadth,norgate breadth/index
#NDXADV,norgate,norgate_only_exclude_nontradeable,False,2026-04-22,,breadth,norgate breadth/index
#NDXAVGBB%B,norgate,norgate_only_exclude_nontradeable,False,2026-04-22,,breadth,norgate breadth/index
#NDXAVGW%R,norgate,norgate_only_exclude_nontradeable,False,2026-04-22,,breadth,norgate breadth/index
#NDXBB%B,norgate,norgate_only_exclude_nontradeable,False,2026-04-22,,breadth,norgate breadth/index
#NDXCOPP,norgate,norgate_only_exclude_nontradeable,False,2026-04-22,,breadth,norgate breadth/index
#NDXDEC,norgate,norgate_only_exclude_nontradeable,False,2026-04-22,,breadth,norgate breadth/index
#NDXITBM,norgate,norgate_only_exclude_nontradeable,False,2026-04-22,,breadth,norgate breadth/index
#NDXITVM,norgate,norgate_only_exclude_nontradeable,False,2026-04-22,,breadth,norgate breadth/index
#NDXMCOSC,norgate,norgate_only_exclude_nontradeable,False,2026-04-22,,breadth,norgate breadth/index
#NDXMCOSCV,norgate,norgate_only_exclude_nontradeable,False,2026-04-22,,breadth,norgate breadth/index
#NDXMCSUM,norgate,norgate_only_exclude_nontradeable,False,2026-04-22,,breadth,norgate breadth/index
#NDXSWTR,norgate,norgate_only_exclude_nontradeable,False,2026-04-22,,breadth,norgate breadth/index
#NDXTRIN,norgate,norgate_only_exclude_nontradeable,False,2026-04-22,,breadth,norgate breadth/index
#NDXUNC,norgate,norgate_only_exclude_nontradeable,False,2026-04-22,,breadth,norgate breadth/index
#NDXW%R,norgate,norgate_only_exclude_nontradeable,False,2026-04-22,,breadth,norgate breadth/index
#NDXZWBT,norgate,norgate_only_exclude_nontradeable,False,2026-04-22,,breadth,norgate breadth/index
#NYA%MA100,norgate,norgate_only_exclude_nontradeable,False,2026-04-17,,breadth,norgate breadth/index
#NYA%MA150,norgate,norgate_only_exclude_nontradeable,False,2026-04-17,,breadth,norgate breadth/index
#NYA%MA20,norgate,norgate_only_exclude_nontradeable,False,2026-04-17,,breadth,norgate breadth/index
#NYA%MA200,norgate,norgate_only_exclude_nontradeable,False,2026-04-17,,breadth,norgate breadth/index
#NYA%MA50,norgate,norgate_only_exclude_nontradeable,False,2026-04-17,,breadth,norgate breadth/index
#NYA13WHI,norgate,norgate_only_exclude_nontradeable,False,2026-04-17,,breadth,norgate breadth/index
#NYA13WHL,norgate,norgate_only_exclude_nontradeable,False,2026-04-17,,breadth,norgate breadth/index
#NYA13WLO,norgate,norgate_only_exclude_nontradeable,False,2026-04-17,,breadth,norgate breadth/index
#NYA26WHI,norgate,norgate_only_exclude_nontradeable,False,2026-04-17,,breadth,norgate breadth/index
#NYA26WHL,norgate,norgate_only_exclude_nontradeable,False,2026-04-17,,breadth,norgate breadth/index
#NYA26WLO,norgate,norgate_only_exclude_nontradeable,False,2026-04-17,,breadth,norgate breadth/index
#NYA4WHI,norgate,norgate_only_exclude_nontradeable,False,2026-04-17,,breadth,norgate breadth/index
#NYA4WHL,norgate,norgate_only_exclude_nontradeable,False,2026-04-17,,breadth,norgate breadth/index
#NYA4WLO,norgate,norgate_only_exclude_nontradeable,False,2026-04-17,,breadth,norgate breadth/index
#NYA52WHI,norgate,norgate_only_exclude_nontradeable,False,2026-04-17,,breadth,norgate breadth/index
#NYA52WHL,norgate,norgate_only_exclude_nontradeable,False,2026-04-17,,breadth,norgate breadth/index
#NYA52WLO,norgate,norgate_only_exclude_nontradeable,False,2026-04-17,,breadth,norgate breadth/index
#NYAAD,norgate,norgate_only_exclude_nontradeable,False,2026-04-17,,breadth,norgate breadth/index
#NYAADR,norgate,norgate_only_exclude_nontradeable,False,2026-04-17,,breadth,norgate breadth/index
#NYAADV,norgate,norgate_only_exclude_nontradeable,False,2026-04-17,,breadth,norgate breadth/index
#NYAAVGBB%B,norgate,norgate_only_exclude_nontradeable,False,2026-04-17,,breadth,norgate breadth/index
#NYAAVGW%R,norgate,norgate_only_exclude_nontradeable,False,2026-04-17,,breadth,norgate breadth/index
#NYABB%B,norgate,norgate_only_exclude_nontradeable,False,2026-04-17,,breadth,norgate breadth/index
#NYACOPP,norgate,norgate_only_exclude_nontradeable,False,2026-04-17,,breadth,norgate breadth/index
#NYADEC,norgate,norgate_only_exclude_nontradeable,False,2026-04-17,,breadth,norgate breadth/index
#NYAITBM,norgate,norgate_only_exclude_nontradeable,False,2026-04-17,,breadth,norgate breadth/index
#NYAITVM,norgate,norgate_only_exclude_nontradeable,False,2026-04-17,,breadth,norgate breadth/index
#NYAMCOSC,norgate,norgate_only_exclude_nontradeable,False,2026-04-17,,breadth,norgate breadth/index
#NYAMCOSCV,norgate,norgate_only_exclude_nontradeable,False,2026-04-17,,breadth,norgate breadth/index
#NYAMCSUM,norgate,norgate_only_exclude_nontradeable,False,2026-04-17,,breadth,norgate breadth/index
#NYASWTR,norgate,norgate_only_exclude_nontradeable,False,2026-04-17,,breadth,norgate breadth/index
#NYATRIN,norgate,norgate_only_exclude_nontradeable,False,2026-04-17,,breadth,norgate breadth/index
#NYAUNC,norgate,norgate_only_exclude_nontradeable,False,2026-04-17,,breadth,norgate breadth/index
#NYAW%R,norgate,norgate_only_exclude_nontradeable,False,2026-04-17,,breadth,norgate breadth/index
#NYAZWBT,norgate,norgate_only_exclude_nontradeable,False,2026-04-17,,breadth,norgate breadth/index
#NYSEAD,norgate,norgate_only_exclude_nontradeable,False,2026-04-22,,breadth,norgate breadth/index
#NYSEADR,norgate,norgate_only_exclude_nontradeable,False,2026-04-22,,breadth,norgate breadth/index
#NYSEADV,norgate,norgate_only_exclude_nontradeable,False,2026-04-22,,breadth,norgate breadth/index
#NYSEADVR,norgate,norgate_only_exclude_nontradeable,False,2026-04-22,,breadth,norgate breadth/index
#NYSEDEC,norgate,norgate_only_exclude_nontradeable,False,2026-04-22,,breadth,norgate breadth/index
#NYSEHI,norgate,norgate_only_exclude_nontradeable,False,2026-04-22,,breadth,norgate breadth/index
#NYSEHL,norgate,norgate_only_exclude_nontradeable,False,2026-04-22,,breadth,norgate breadth/index
#NYSELO,norgate,norgate_only_exclude_nontradeable,False,2026-04-22,,breadth,norgate breadth/index
#NYSETRIN,norgate,norgate_only_exclude_nontradeable,False,2026-04-22,,breadth,norgate breadth/index
#NYSEUNC,norgate,norgate_only_exclude_nontradeable,False,2026-04-22,,breadth,norgate breadth/index
#OEX%MA100,norgate,norgate_only_exclude_nontradeable,False,2026-04-22,,breadth,norgate breadth/index
#OEX%MA150,norgate,norgate_only_exclude_nontradeable,False,2026-04-22,,breadth,norgate breadth/index
#OEX%MA20,norgate,norgate_only_exclude_nontradeable,False,2026-04-22,,breadth,norgate breadth/index
#OEX%MA200,norgate,norgate_only_exclude_nontradeable,False,2026-04-22,,breadth,norgate breadth/index
#OEX%MA50,norgate,norgate_only_exclude_nontradeable,False,2026-04-22,,breadth,norgate breadth/index
#OEX13WHI,norgate,norgate_only_exclude_nontradeable,False,2026-04-22,,breadth,norgate breadth/index
#OEX13WHL,norgate,norgate_only_exclude_nontradeable,False,2026-04-22,,breadth,norgate breadth/index
#OEX13WLO,norgate,norgate_only_exclude_nontradeable,False,2026-04-22,,breadth,norgate breadth/index
#OEX26WHI,norgate,norgate_only_exclude_nontradeable,False,2026-04-22,,breadth,norgate breadth/index
#OEX26WHL,norgate,norgate_only_exclude_nontradeable,False,2026-04-22,,breadth,norgate breadth/index
#OEX26WLO,norgate,norgate_only_exclude_nontradeable,False,2026-04-22,,breadth,norgate breadth/index
#OEX4WHI,norgate,norgate_only_exclude_nontradeable,False,2026-04-22,,breadth,norgate breadth/index
#OEX4WHL,norgate,norgate_only_exclude_nontradeable,False,2026-04-22,,breadth,norgate breadth/index
#OEX4WLO,norgate,norgate_only_exclude_nontradeable,False,2026-04-22,,breadth,norgate breadth/index
#OEX52WHI,norgate,norgate_only_exclude_nontradeable,False,2026-04-22,,breadth,norgate breadth/index
#OEX52WHL,norgate,norgate_only_exclude_nontradeable,False,2026-04-22,,breadth,norgate breadth/index
#OEX52WLO,norgate,norgate_only_exclude_nontradeable,False,2026-04-22,,breadth,norgate breadth/index
#OEXAD,norgate,norgate_only_exclude_nontradeable,False,2026-04-22,,breadth,norgate breadth/index
#OEXADR,norgate,norgate_only_exclude_nontradeable,False,2026-04-22,,breadth,norgate breadth/index
#OEXADV,norgate,norgate_only_exclude_nontradeable,False,2026-04-22,,breadth,norgate breadth/index
#OEXAVGBB%B,norgate,norgate_only_exclude_nontradeable,False,2026-04-22,,breadth,norgate breadth/index
#OEXAVGW%R,norgate,norgate_only_exclude_nontradeable,False,2026-04-22,,breadth,norgate breadth/index
#OEXBB%B,norgate,norgate_only_exclude_nontradeable,False,2026-04-22,,breadth,norgate breadth/index
#OEXCOPP,norgate,norgate_only_exclude_nontradeable,False,2026-04-22,,breadth,norgate breadth/index
#OEXDEC,norgate,norgate_only_exclude_nontradeable,False,2026-04-22,,breadth,norgate breadth/index
#OEXITBM,norgate,norgate_only_exclude_nontradeable,False,2026-04-22,,breadth,norgate breadth/index
#OEXITVM,norgate,norgate_only_exclude_nontradeable,False,2026-04-22,,breadth,norgate breadth/index
#OEXMCOSC,norgate,norgate_only_exclude_nontradeable,False,2026-04-22,,breadth,norgate breadth/index
#OEXMCOSCV,norgate,norgate_only_exclude_nontradeable,False,2026-04-22,,breadth,norgate breadth/index
#OEXMCSUM,norgate,norgate_only_exclude_nontradeable,False,2026-04-22,,breadth,norgate breadth/index
#OEXSWTR,norgate,norgate_only_exclude_nontradeable,False,2026-04-22,,breadth,norgate breadth/index
#OEXTRIN,norgate,norgate_only_exclude_nontradeable,False,2026-04-22,,breadth,norgate breadth/index
#OEXUNC,norgate,norgate_only_exclude_nontradeable,False,2026-04-22,,breadth,norgate breadth/index
#OEXW%R,norgate,norgate_only_exclude_nontradeable,False,2026-04-22,,breadth,norgate breadth/index
#OEXZWBT,norgate,norgate_only_exclude_nontradeable,False,2026-04-22,,breadth,norgate breadth/index
#RUA%MA100,norgate,norgate_only_exclude_nontradeable,False,2026-04-22,,breadth,norgate breadth/index
#RUA%MA150,norgate,norgate_only_exclude_nontradeable,False,2026-04-22,,breadth,norgate breadth/index
#RUA%MA20,norgate,norgate_only_exclude_nontradeable,False,2026-04-22,,breadth,norgate breadth/index
#RUA%MA200,norgate,norgate_only_exclude_nontradeable,False,2026-04-22,,breadth,norgate breadth/index
#RUA%MA50,norgate,norgate_only_exclude_nontradeable,False,2026-04-22,,breadth,norgate breadth/index
#RUA13WHI,norgate,norgate_only_exclude_nontradeable,False,2026-04-22,,breadth,norgate breadth/index
#RUA13WHL,norgate,norgate_only_exclude_nontradeable,False,2026-04-22,,breadth,norgate breadth/index
#RUA13WLO,norgate,norgate_only_exclude_nontradeable,False,2026-04-22,,breadth,norgate breadth/index
#RUA26WHI,norgate,norgate_only_exclude_nontradeable,False,2026-04-22,,breadth,norgate breadth/index
#RUA26WHL,norgate,norgate_only_exclude_nontradeable,False,2026-04-22,,breadth,norgate breadth/index
#RUA26WLO,norgate,norgate_only_exclude_nontradeable,False,2026-04-22,,breadth,norgate breadth/index
#RUA4WHI,norgate,norgate_only_exclude_nontradeable,False,2026-04-22,,breadth,norgate breadth/index
#RUA4WHL,norgate,norgate_only_exclude_nontradeable,False,2026-04-22,,breadth,norgate breadth/index
#RUA4WLO,norgate,norgate_only_exclude_nontradeable,False,2026-04-22,,breadth,norgate breadth/index
#RUA52WHI,norgate,norgate_only_exclude_nontradeable,False,2026-04-22,,breadth,norgate breadth/index
#RUA52WHL,norgate,norgate_only_exclude_nontradeable,False,2026-04-22,,breadth,norgate breadth/index
#RUA52WLO,norgate,norgate_only_exclude_nontradeable,False,2026-04-22,,breadth,norgate breadth/index
#RUAAD,norgate,norgate_only_exclude_nontradeable,False,2026-04-22,,breadth,norgate breadth/index
#RUAADR,norgate,norgate_only_exclude_nontradeable,False,2026-04-22,,breadth,norgate breadth/index
#RUAADV,norgate,norgate_only_exclude_nontradeable,False,2026-04-22,,breadth,norgate breadth/index
#RUAAVGBB%B,norgate,norgate_only_exclude_nontradeable,False,2026-04-22,,breadth,norgate breadth/index
#RUAAVGW%R,norgate,norgate_only_exclude_nontradeable,False,2026-04-22,,breadth,norgate breadth/index
#RUABB%B,norgate,norgate_only_exclude_nontradeable,False,2026-04-22,,breadth,norgate breadth/index
#RUACOPP,norgate,norgate_only_exclude_nontradeable,False,2026-04-22,,breadth,norgate breadth/index
#RUADEC,norgate,norgate_only_exclude_nontradeable,False,2026-04-22,,breadth,norgate breadth/index
#RUAITBM,norgate,norgate_only_exclude_nontradeable,False,2026-04-22,,breadth,norgate breadth/index
#RUAITVM,norgate,norgate_only_exclude_nontradeable,False,2026-04-22,,breadth,norgate breadth/index
#RUAMCOSC,norgate,norgate_only_exclude_nontradeable,False,2026-04-22,,breadth,norgate breadth/index
#RUAMCOSCV,norgate,norgate_only_exclude_nontradeable,False,2026-04-22,,breadth,norgate breadth/index
#RUAMCSUM,norgate,norgate_only_exclude_nontradeable,False,2026-04-22,,breadth,norgate breadth/index
#RUASWTR,norgate,norgate_only_exclude_nontradeable,False,2026-04-22,,breadth,norgate breadth/index
#RUATRIN,norgate,norgate_only_exclude_nontradeable,False,2026-04-22,,breadth,norgate breadth/index
#RUAUNC,norgate,norgate_only_exclude_nontradeable,False,2026-04-22,,breadth,norgate breadth/index
#RUAW%R,norgate,norgate_only_exclude_nontradeable,False,2026-04-22,,breadth,norgate breadth/index
#RUAZWBT,norgate,norgate_only_exclude_nontradeable,False,2026-04-22,,breadth,norgate breadth/index
#RUI%MA100,norgate,norgate_only_exclude_nontradeable,False,2026-04-22,,breadth,norgate breadth/index
#RUI%MA150,norgate,norgate_only_exclude_nontradeable,False,2026-04-22,,breadth,norgate breadth/index
#RUI%MA20,norgate,norgate_only_exclude_nontradeable,False,2026-04-22,,breadth,norgate breadth/index
#RUI%MA200,norgate,norgate_only_exclude_nontradeable,False,2026-04-22,,breadth,norgate breadth/index
#RUI%MA50,norgate,norgate_only_exclude_nontradeable,False,2026-04-22,,breadth,norgate breadth/index
#RUI13WHI,norgate,norgate_only_exclude_nontradeable,False,2026-04-22,,breadth,norgate breadth/index
#RUI13WHL,norgate,norgate_only_exclude_nontradeable,False,2026-04-22,,breadth,norgate breadth/index
#RUI13WLO,norgate,norgate_only_exclude_nontradeable,False,2026-04-22,,breadth,norgate breadth/index
#RUI26WHI,norgate,norgate_only_exclude_nontradeable,False,2026-04-22,,breadth,norgate breadth/index
#RUI26WHL,norgate,norgate_only_exclude_nontradeable,False,2026-04-22,,breadth,norgate breadth/index
#RUI26WLO,norgate,norgate_only_exclude_nontradeable,False,2026-04-22,,breadth,norgate breadth/index
#RUI4WHI,norgate,norgate_only_exclude_nontradeable,False,2026-04-22,,breadth,norgate breadth/index
#RUI4WHL,norgate,norgate_only_exclude_nontradeable,False,2026-04-22,,breadth,norgate breadth/index
#RUI4WLO,norgate,norgate_only_exclude_nontradeable,False,2026-04-22,,breadth,norgate breadth/index
#RUI52WHI,norgate,norgate_only_exclude_nontradeable,False,2026-04-22,,breadth,norgate breadth/index
#RUI52WHL,norgate,norgate_only_exclude_nontradeable,False,2026-04-22,,breadth,norgate breadth/index
#RUI52WLO,norgate,norgate_only_exclude_nontradeable,False,2026-04-22,,breadth,norgate breadth/index
#RUIAD,norgate,norgate_only_exclude_nontradeable,False,2026-04-22,,breadth,norgate breadth/index
#RUIADR,norgate,norgate_only_exclude_nontradeable,False,2026-04-22,,breadth,norgate breadth/index
#RUIADV,norgate,norgate_only_exclude_nontradeable,False,2026-04-22,,breadth,norgate breadth/index
#RUIAVGBB%B,norgate,norgate_only_exclude_nontradeable,False,2026-04-22,,breadth,norgate breadth/index
#RUIAVGW%R,norgate,norgate_only_exclude_nontradeable,False,2026-04-22,,breadth,norgate breadth/index
#RUIBB%B,norgate,norgate_only_exclude_nontradeable,False,2026-04-22,,breadth,norgate breadth/index
#RUICOPP,norgate,norgate_only_exclude_nontradeable,False,2026-04-22,,breadth,norgate breadth/index
#RUIDEC,norgate,norgate_only_exclude_nontradeable,False,2026-04-22,,breadth,norgate breadth/index
#RUIITBM,norgate,norgate_only_exclude_nontradeable,False,2026-04-22,,breadth,norgate breadth/index
#RUIITVM,norgate,norgate_only_exclude_nontradeable,False,2026-04-22,,breadth,norgate breadth/index
#RUIMCOSC,norgate,norgate_only_exclude_nontradeable,False,2026-04-22,,breadth,norgate breadth/index
#RUIMCOSCV,norgate,norgate_only_exclude_nontradeable,False,2026-04-22,,breadth,norgate breadth/index
#RUIMCSUM,norgate,norgate_only_exclude_nontradeable,False,2026-04-22,,breadth,norgate breadth/index
#RUISWTR,norgate,norgate_only_exclude_nontradeable,False,2026-04-22,,breadth,norgate breadth/index
#RUITRIN,norgate,norgate_only_exclude_nontradeable,False,2026-04-22,,breadth,norgate breadth/index
#RUIUNC,norgate,norgate_only_exclude_nontradeable,False,2026-04-22,,breadth,norgate breadth/index
#RUIW%R,norgate,norgate_only_exclude_nontradeable,False,2026-04-22,,breadth,norgate breadth/index
#RUIZWBT,norgate,norgate_only_exclude_nontradeable,False,2026-04-22,,breadth,norgate breadth/index
#RUT%MA100,norgate,norgate_only_exclude_nontradeable,False,2026-04-22,,breadth,norgate breadth/index
#RUT%MA150,norgate,norgate_only_exclude_nontradeable,False,2026-04-22,,breadth,norgate breadth/index
#RUT%MA20,norgate,norgate_only_exclude_nontradeable,False,2026-04-22,,breadth,norgate breadth/index
#RUT%MA200,norgate,norgate_only_exclude_nontradeable,False,2026-04-22,,breadth,norgate breadth/index
#RUT%MA50,norgate,norgate_only_exclude_nontradeable,False,2026-04-22,,breadth,norgate breadth/index
#RUT13WHI,norgate,norgate_only_exclude_nontradeable,False,2026-04-22,,breadth,norgate breadth/index
#RUT13WHL,norgate,norgate_only_exclude_nontradeable,False,2026-04-22,,breadth,norgate breadth/index
#RUT13WLO,norgate,norgate_only_exclude_nontradeable,False,2026-04-22,,breadth,norgate breadth/index
#RUT26WHI,norgate,norgate_only_exclude_nontradeable,False,2026-04-22,,breadth,norgate breadth/index
#RUT26WHL,norgate,norgate_only_exclude_nontradeable,False,2026-04-22,,breadth,norgate breadth/index
#RUT26WLO,norgate,norgate_only_exclude_nontradeable,False,2026-04-22,,breadth,norgate breadth/index
#RUT4WHI,norgate,norgate_only_exclude_nontradeable,False,2026-04-22,,breadth,norgate breadth/index
#RUT4WHL,norgate,norgate_only_exclude_nontradeable,False,2026-04-22,,breadth,norgate breadth/index
#RUT4WLO,norgate,norgate_only_exclude_nontradeable,False,2026-04-22,,breadth,norgate breadth/index
#RUT52WHI,norgate,norgate_only_exclude_nontradeable,False,2026-04-22,,breadth,norgate breadth/index
#RUT52WHL,norgate,norgate_only_exclude_nontradeable,False,2026-04-22,,breadth,norgate breadth/index
#RUT52WLO,norgate,norgate_only_exclude_nontradeable,False,2026-04-22,,breadth,norgate breadth/index
#RUTAD,norgate,norgate_only_exclude_nontradeable,False,2026-04-22,,breadth,norgate breadth/index
#RUTADR,norgate,norgate_only_exclude_nontradeable,False,2026-04-22,,breadth,norgate breadth/index
#RUTADV,norgate,norgate_only_exclude_nontradeable,False,2026-04-22,,breadth,norgate breadth/index
#RUTAVGBB%B,norgate,norgate_only_exclude_nontradeable,False,2026-04-22,,breadth,norgate breadth/index
#RUTAVGW%R,norgate,norgate_only_exclude_nontradeable,False,2026-04-22,,breadth,norgate breadth/index
#RUTBB%B,norgate,norgate_only_exclude_nontradeable,False,2026-04-22,,breadth,norgate breadth/index
#RUTCOPP,norgate,norgate_only_exclude_nontradeable,False,2026-04-22,,breadth,norgate breadth/index
#RUTDEC,norgate,norgate_only_exclude_nontradeable,False,2026-04-22,,breadth,norgate breadth/index
#RUTITBM,norgate,norgate_only_exclude_nontradeable,False,2026-04-22,,breadth,norgate breadth/index
#RUTITVM,norgate,norgate_only_exclude_nontradeable,False,2026-04-22,,breadth,norgate breadth/index
#RUTMCOSC,norgate,norgate_only_exclude_nontradeable,False,2026-04-22,,breadth,norgate breadth/index
#RUTMCOSCV,norgate,norgate_only_exclude_nontradeable,False,2026-04-22,,breadth,norgate breadth/index
#RUTMCSUM,norgate,norgate_only_exclude_nontradeable,False,2026-04-22,,breadth,norgate breadth/index
#RUTSWTR,norgate,norgate_only_exclude_nontradeable,False,2026-04-22,,breadth,norgate breadth/index
#RUTTRIN,norgate,norgate_only_exclude_nontradeable,False,2026-04-22,,breadth,norgate breadth/index
#RUTUNC,norgate,norgate_only_exclude_nontradeable,False,2026-04-22,,breadth,norgate breadth/index
#RUTW%R,norgate,norgate_only_exclude_nontradeable,False,2026-04-22,,breadth,norgate breadth/index
#RUTZWBT,norgate,norgate_only_exclude_nontradeable,False,2026-04-22,,breadth,norgate breadth/index
#SML%MA100,norgate,norgate_only_exclude_nontradeable,False,2026-04-22,,breadth,norgate breadth/index
#SML%MA150,norgate,norgate_only_exclude_nontradeable,False,2026-04-22,,breadth,norgate breadth/index
#SML%MA20,norgate,norgate_only_exclude_nontradeable,False,2026-04-22,,breadth,norgate breadth/index
#SML%MA200,norgate,norgate_only_exclude_nontradeable,False,2026-04-22,,breadth,norgate breadth/index
#SML%MA50,norgate,norgate_only_exclude_nontradeable,False,2026-04-22,,breadth,norgate breadth/index
#SML13WHI,norgate,norgate_only_exclude_nontradeable,False,2026-04-22,,breadth,norgate breadth/index
#SML13WHL,norgate,norgate_only_exclude_nontradeable,False,2026-04-22,,breadth,norgate breadth/index
#SML13WLO,norgate,norgate_only_exclude_nontradeable,False,2026-04-22,,breadth,norgate breadth/index
#SML26WHI,norgate,norgate_only_exclude_nontradeable,False,2026-04-22,,breadth,norgate breadth/index
#SML26WHL,norgate,norgate_only_exclude_nontradeable,False,2026-04-22,,breadth,norgate breadth/index
#SML26WLO,norgate,norgate_only_exclude_nontradeable,False,2026-04-22,,breadth,norgate breadth/index
#SML4WHI,norgate,norgate_only_exclude_nontradeable,False,2026-04-22,,breadth,norgate breadth/index
#SML4WHL,norgate,norgate_only_exclude_nontradeable,False,2026-04-22,,breadth,norgate breadth/index
#SML4WLO,norgate,norgate_only_exclude_nontradeable,False,2026-04-22,,breadth,norgate breadth/index
#SML52WHI,norgate,norgate_only_exclude_nontradeable,False,2026-04-22,,breadth,norgate breadth/index
#SML52WHL,norgate,norgate_only_exclude_nontradeable,False,2026-04-22,,breadth,norgate breadth/index
#SML52WLO,norgate,norgate_only_exclude_nontradeable,False,2026-04-22,,breadth,norgate breadth/index
#SMLAD,norgate,norgate_only_exclude_nontradeable,False,2026-04-22,,breadth,norgate breadth/index
#SMLADR,norgate,norgate_only_exclude_nontradeable,False,2026-04-22,,breadth,norgate breadth/index
#SMLADV,norgate,norgate_only_exclude_nontradeable,False,2026-04-22,,breadth,norgate breadth/index
#SMLAVGBB%B,norgate,norgate_only_exclude_nontradeable,False,2026-04-22,,breadth,norgate breadth/index
#SMLAVGW%R,norgate,norgate_only_exclude_nontradeable,False,2026-04-22,,breadth,norgate breadth/index
#SMLBB%B,norgate,norgate_only_exclude_nontradeable,False,2026-04-22,,breadth,norgate breadth/index
#SMLCOPP,norgate,norgate_only_exclude_nontradeable,False,2026-04-22,,breadth,norgate breadth/index
#SMLDEC,norgate,norgate_only_exclude_nontradeable,False,2026-04-22,,breadth,norgate breadth/index
#SMLITBM,norgate,norgate_only_exclude_nontradeable,False,2026-04-22,,breadth,norgate breadth/index
#SMLITVM,norgate,norgate_only_exclude_nontradeable,False,2026-04-22,,breadth,norgate breadth/index
#SMLMCOSC,norgate,norgate_only_exclude_nontradeable,False,2026-04-22,,breadth,norgate breadth/index
#SMLMCOSCV,norgate,norgate_only_exclude_nontradeable,False,2026-04-22,,breadth,norgate breadth/index
#SMLMCSUM,norgate,norgate_only_exclude_nontradeable,False,2026-04-22,,breadth,norgate breadth/index
#SMLSWTR,norgate,norgate_only_exclude_nontradeable,False,2026-04-22,,breadth,norgate breadth/index
#SMLTRIN,norgate,norgate_only_exclude_nontradeable,False,2026-04-22,,breadth,norgate breadth/index
#SMLUNC,norgate,norgate_only_exclude_nontradeable,False,2026-04-22,,breadth,norgate breadth/index
#SMLW%R,norgate,norgate_only_exclude_nontradeable,False,2026-04-22,,breadth,norgate breadth/index
#SMLZWBT,norgate,norgate_only_exclude_nontradeable,False,2026-04-22,,breadth,norgate breadth/index
#SP1500%MA100,norgate,norgate_only_exclude_nontradeable,False,2026-04-22,,breadth,norgate breadth/index
#SP1500%MA150,norgate,norgate_only_exclude_nontradeable,False,2026-04-22,,breadth,norgate breadth/index
#SP1500%MA20,norgate,norgate_only_exclude_nontradeable,False,2026-04-22,,breadth,norgate breadth/index
#SP1500%MA200,norgate,norgate_only_exclude_nontradeable,False,2026-04-22,,breadth,norgate breadth/index
#SP1500%MA50,norgate,norgate_only_exclude_nontradeable,False,2026-04-22,,breadth,norgate breadth/index
#SP150013WHI,norgate,norgate_only_exclude_nontradeable,False,2026-04-22,,breadth,norgate breadth/index
#SP150013WHL,norgate,norgate_only_exclude_nontradeable,False,2026-04-22,,breadth,norgate breadth/index
#SP150013WLO,norgate,norgate_only_exclude_nontradeable,False,2026-04-22,,breadth,norgate breadth/index
#SP150026WHI,norgate,norgate_only_exclude_nontradeable,False,2026-04-22,,breadth,norgate breadth/index
#SP150026WHL,norgate,norgate_only_exclude_nontradeable,False,2026-04-22,,breadth,norgate breadth/index
#SP150026WLO,norgate,norgate_only_exclude_nontradeable,False,2026-04-22,,breadth,norgate breadth/index
#SP15004WHI,norgate,norgate_only_exclude_nontradeable,False,2026-04-22,,breadth,norgate breadth/index
#SP15004WHL,norgate,norgate_only_exclude_nontradeable,False,2026-04-22,,breadth,norgate breadth/index
#SP15004WLO,norgate,norgate_only_exclude_nontradeable,False,2026-04-22,,breadth,norgate breadth/index
#SP150052WHI,norgate,norgate_only_exclude_nontradeable,False,2026-04-22,,breadth,norgate breadth/index
#SP150052WHL,norgate,norgate_only_exclude_nontradeable,False,2026-04-22,,breadth,norgate breadth/index
#SP150052WLO,norgate,norgate_only_exclude_nontradeable,False,2026-04-22,,breadth,norgate breadth/index
#SP1500AD,norgate,norgate_only_exclude_nontradeable,False,2026-04-22,,breadth,norgate breadth/index
#SP1500ADR,norgate,norgate_only_exclude_nontradeable,False,2026-04-22,,breadth,norgate breadth/index
#SP1500ADV,norgate,norgate_only_exclude_nontradeable,False,2026-04-22,,breadth,norgate breadth/index
#SP1500AVGBB%B,norgate,norgate_only_exclude_nontradeable,False,2026-04-22,,breadth,norgate breadth/index
#SP1500AVGW%R,norgate,norgate_only_exclude_nontradeable,False,2026-04-22,,breadth,norgate breadth/index
#SP1500BB%B,norgate,norgate_only_exclude_nontradeable,False,2026-04-22,,breadth,norgate breadth/index
#SP1500COPP,norgate,norgate_only_exclude_nontradeable,False,2026-04-22,,breadth,norgate breadth/index
#SP1500DEC,norgate,norgate_only_exclude_nontradeable,False,2026-04-22,,breadth,norgate breadth/index
#SP1500ITBM,norgate,norgate_only_exclude_nontradeable,False,2026-04-22,,breadth,norgate breadth/index
#SP1500ITVM,norgate,norgate_only_exclude_nontradeable,False,2026-04-22,,breadth,norgate breadth/index
#SP1500MCOSC,norgate,norgate_only_exclude_nontradeable,False,2026-04-22,,breadth,norgate breadth/index
#SP1500MCOSCV,norgate,norgate_only_exclude_nontradeable,False,2026-04-22,,breadth,norgate breadth/index
#SP1500MCSUM,norgate,norgate_only_exclude_nontradeable,False,2026-04-22,,breadth,norgate breadth/index
#SP1500SWTR,norgate,norgate_only_exclude_nontradeable,False,2026-04-22,,breadth,norgate breadth/index
#SP1500TRIN,norgate,norgate_only_exclude_nontradeable,False,2026-04-22,,breadth,norgate breadth/index
#SP1500UNC,norgate,norgate_only_exclude_nontradeable,False,2026-04-22,,breadth,norgate breadth/index
#SP1500W%R,norgate,norgate_only_exclude_nontradeable,False,2026-04-22,,breadth,norgate breadth/index
#SP1500ZWBT,norgate,norgate_only_exclude_nontradeable,False,2026-04-22,,breadth,norgate breadth/index
#SPX%MA100,norgate,norgate_only_exclude_nontradeable,False,2026-04-22,,breadth,norgate breadth/index
#SPX%MA150,norgate,norgate_only_exclude_nontradeable,False,2026-04-22,,breadth,norgate breadth/index
#SPX%MA20,norgate,norgate_only_exclude_nontradeable,False,2026-04-22,,breadth,norgate breadth/index
#SPX%MA200,norgate,norgate_only_exclude_nontradeable,False,2026-04-22,,breadth,norgate breadth/index
#SPX%MA50,norgate,norgate_only_exclude_nontradeable,False,2026-04-22,,breadth,norgate breadth/index
#SPX13WHI,norgate,norgate_only_exclude_nontradeable,False,2026-04-22,,breadth,norgate breadth/index
#SPX13WHL,norgate,norgate_only_exclude_nontradeable,False,2026-04-22,,breadth,norgate breadth/index
#SPX13WLO,norgate,norgate_only_exclude_nontradeable,False,2026-04-22,,breadth,norgate breadth/index
#SPX26WHI,norgate,norgate_only_exclude_nontradeable,False,2026-04-22,,breadth,norgate breadth/index
#SPX26WHL,norgate,norgate_only_exclude_nontradeable,False,2026-04-22,,breadth,norgate breadth/index
#SPX26WLO,norgate,norgate_only_exclude_nontradeable,False,2026-04-22,,breadth,norgate breadth/index
#SPX4WHI,norgate,norgate_only_exclude_nontradeable,False,2026-04-22,,breadth,norgate breadth/index
#SPX4WHL,norgate,norgate_only_exclude_nontradeable,False,2026-04-22,,breadth,norgate breadth/index
#SPX4WLO,norgate,norgate_only_exclude_nontradeable,False,2026-04-22,,breadth,norgate breadth/index
#SPX52WHI,norgate,norgate_only_exclude_nontradeable,False,2026-04-22,,breadth,norgate breadth/index
#SPX52WHL,norgate,norgate_only_exclude_nontradeable,False,2026-04-22,,breadth,norgate breadth/index
#SPX52WLO,norgate,norgate_only_exclude_nontradeable,False,2026-04-22,,breadth,norgate breadth/index
#SPXAD,norgate,norgate_only_exclude_nontradeable,False,2026-04-22,,breadth,norgate breadth/index
#SPXADR,norgate,norgate_only_exclude_nontradeable,False,2026-04-22,,breadth,norgate breadth/index
#SPXADV,norgate,norgate_only_exclude_nontradeable,False,2026-04-22,,breadth,norgate breadth/index
#SPXAVGBB%B,norgate,norgate_only_exclude_nontradeable,False,2026-04-22,,breadth,norgate breadth/index
#SPXAVGW%R,norgate,norgate_only_exclude_nontradeable,False,2026-04-22,,breadth,norgate breadth/index
#SPXBB%B,norgate,norgate_only_exclude_nontradeable,False,2026-04-22,,breadth,norgate breadth/index
#SPXCOPP,norgate,norgate_only_exclude_nontradeable,False,2026-04-22,,breadth,norgate breadth/index
#SPXDEC,norgate,norgate_only_exclude_nontradeable,False,2026-04-22,,breadth,norgate breadth/index
#SPXITBM,norgate,norgate_only_exclude_nontradeable,False,2026-04-22,,breadth,norgate breadth/index
#SPXITVM,norgate,norgate_only_exclude_nontradeable,False,2026-04-22,,breadth,norgate breadth/index
#SPXMCOSC,norgate,norgate_only_exclude_nontradeable,False,2026-04-22,,breadth,norgate breadth/index
#SPXMCOSCV,norgate,norgate_only_exclude_nontradeable,False,2026-04-22,,breadth,norgate breadth/index
#SPXMCSUM,norgate,norgate_only_exclude_nontradeable,False,2026-04-22,,breadth,norgate breadth/index
#SPXSWTR,norgate,norgate_only_exclude_nontradeable,False,2026-04-22,,breadth,norgate breadth/index
#SPXTRIN,norgate,norgate_only_exclude_nontradeable,False,2026-04-22,,breadth,norgate breadth/index
#SPXUNC,norgate,norgate_only_exclude_nontradeable,False,2026-04-22,,breadth,norgate breadth/index
#SPXW%R,norgate,norgate_only_exclude_nontradeable,False,2026-04-22,,breadth,norgate breadth/index
#SPXZWBT,norgate,norgate_only_exclude_nontradeable,False,2026-04-22,,breadth,norgate breadth/index
$AMZ,norgate,norgate_only_exclude_nontradeable,False,2026-04-22,,index,norgate breadth/index
$AMZI,norgate,norgate_only_exclude_nontradeable,False,2026-04-22,,index,norgate breadth/index
$AMZIX,norgate,norgate_only_exclude_nontradeable,False,2026-04-22,,index,norgate breadth/index
$AMZX,norgate,norgate_only_exclude_nontradeable,False,2026-04-22,,index,norgate breadth/index
$AXENV,norgate,norgate_only_exclude_nontradeable,False,2026-04-22,,index,norgate breadth/index
$AXGAL,norgate,norgate_only_exclude_nontradeable,False,2026-04-22,,index,norgate breadth/index
$B400,norgate,norgate_only_exclude_nontradeable,False,2026-04-22,,index,norgate breadth/index
$B400T,norgate,norgate_only_exclude_nontradeable,False,2026-04-22,,index,norgate breadth/index
$BKAD,norgate,norgate_only_exclude_nontradeable,False,2026-04-22,,index,norgate breadth/index
$BKAS,norgate,norgate_only_exclude_nontradeable,False,2026-04-22,,index,norgate breadth/index
$BKAU,norgate,norgate_only_exclude_nontradeable,False,2026-04-22,,index,norgate breadth/index
$BKBRIC,norgate,norgate_only_exclude_nontradeable,False,2026-04-22,,index,norgate breadth/index
$BKEU,norgate,norgate_only_exclude_nontradeable,False,2026-04-22,,index,norgate breadth/index
$BKLA,norgate,norgate_only_exclude_nontradeable,False,2026-04-22,,index,norgate breadth/index
$BKTCN,norgate,norgate_only_exclude_nontradeable,False,2026-04-22,,index,norgate breadth/index
$BKTDM,norgate,norgate_only_exclude_nontradeable,False,2026-04-22,,index,norgate breadth/index
$BKX,norgate,norgate_only_exclude_nontradeable,False,2026-04-22,,index,norgate breadth/index
$BTEM,norgate,norgate_only_exclude_nontradeable,False,2026-04-22,,index,norgate breadth/index
$BTK,norgate,norgate_only_exclude_nontradeable,False,2026-04-22,,index,norgate breadth/index
$BXM,norgate,norgate_only_exclude_nontradeable,False,2026-04-22,,index,norgate breadth/index
$BXRTATMP,norgate,norgate_only_exclude_nontradeable,False,2026-04-22,,index,norgate breadth/index
$CELS,norgate,norgate_only_exclude_nontradeable,False,2026-04-22,,index,norgate breadth/index
$CKG,norgate,norgate_only_exclude_nontradeable,False,2026-04-22,,index,norgate breadth/index
$COMP,norgate,norgate_only_exclude_nontradeable,False,2026-04-22,,index,norgate breadth/index
$CPQ,norgate,norgate_only_exclude_nontradeable,False,2026-04-22,,index,norgate breadth/index
$CVK,norgate,norgate_only_exclude_nontradeable,False,2026-04-22,,index,norgate breadth/index
$CZH,norgate,norgate_only_exclude_nontradeable,False,2026-04-22,,index,norgate breadth/index
$DDX,norgate,norgate_only_exclude_nontradeable,False,2026-04-22,,index,norgate breadth/index
$DFI,norgate,norgate_only_exclude_nontradeable,False,2026-04-22,,index,norgate breadth/index
$DGE,norgate,norgate_only_exclude_nontradeable,False,2026-04-22,,index,norgate breadth/index
$DJC,norgate,norgate_only_exclude_nontradeable,False,2026-04-22,,index,norgate breadth/index
$DJCBT,norgate,norgate_only_exclude_nontradeable,False,2026-01-23,,index,norgate breadth/index
$DJCTR,norgate,norgate_only_exclude_nontradeable,False,2026-04-22,,index,norgate breadth/index
$DJDVP,norgate,norgate_only_exclude_nontradeable,False,2026-04-22,,index,norgate breadth/index
$DJDVY,norgate,norgate_only_exclude_nontradeable,False,2026-04-22,,index,norgate breadth/index
$DJECOM,norgate,norgate_only_exclude_nontradeable,False,2026-04-22,,index,norgate breadth/index
$DJGSP,norgate,norgate_only_exclude_nontradeable,False,2026-04-22,,index,norgate breadth/index
$DJI,norgate,norgate_only_exclude_nontradeable,True,2026-04-22,,index,norgate breadth/index
$DJINET,norgate,norgate_only_exclude_nontradeable,False,2026-04-22,,index,norgate breadth/index
$DJISVC,norgate,norgate_only_exclude_nontradeable,False,2026-04-22,,index,norgate breadth/index
$DJIT,norgate,norgate_only_exclude_nontradeable,False,2026-04-22,,index,norgate breadth/index
$DJITR,norgate,norgate_only_exclude_nontradeable,False,2026-04-22,,index,norgate breadth/index
$DJSM,norgate,norgate_only_exclude_nontradeable,False,2026-04-22,,index,norgate breadth/index
$DJT,norgate,norgate_only_exclude_nontradeable,False,2026-04-22,,index,norgate breadth/index
$DJTT,norgate,norgate_only_exclude_nontradeable,False,2026-04-22,,index,norgate breadth/index
$DJTTR,norgate,norgate_only_exclude_nontradeable,False,2026-04-22,,index,norgate breadth/index
$DJU,norgate,norgate_only_exclude_nontradeable,False,2026-04-22,,index,norgate breadth/index
$DJUS,norgate,norgate_only_exclude_nontradeable,False,2026-04-22,,index,norgate breadth/index
$DJUSBM,norgate,norgate_only_exclude_nontradeable,False,2026-04-22,,index,norgate breadth/index
$DJUSCY,norgate,norgate_only_exclude_nontradeable,False,2026-04-22,,index,norgate breadth/index
$DJUSDIV,norgate,norgate_only_exclude_nontradeable,False,2026-04-22,,index,norgate breadth/index
$DJUSEN,norgate,norgate_only_exclude_nontradeable,False,2026-04-22,,index,norgate breadth/index
$DJUSFN,norgate,norgate_only_exclude_nontradeable,False,2026-04-22,,index,norgate breadth/index
$DJUSGL,norgate,norgate_only_exclude_nontradeable,False,2026-04-22,,index,norgate breadth/index
$DJUSGM,norgate,norgate_only_exclude_nontradeable,False,2026-04-22,,index,norgate breadth/index
$DJUSGS,norgate,norgate_only_exclude_nontradeable,False,2026-04-22,,index,norgate breadth/index
$DJUSHC,norgate,norgate_only_exclude_nontradeable,False,2026-04-22,,index,norgate breadth/index
$DJUSIN,norgate,norgate_only_exclude_nontradeable,False,2026-04-22,,index,norgate breadth/index
$DJUSL,norgate,norgate_only_exclude_nontradeable,False,2026-04-22,,index,norgate breadth/index
$DJUSLW,norgate,norgate_only_exclude_nontradeable,False,2026-04-22,,index,norgate breadth/index
$DJUSM,norgate,norgate_only_exclude_nontradeable,False,2026-04-22,,index,norgate breadth/index
$DJUSNC,norgate,norgate_only_exclude_nontradeable,False,2026-04-22,,index,norgate breadth/index
$DJUSS,norgate,norgate_only_exclude_nontradeable,False,2026-04-22,,index,norgate breadth/index
$DJUSTC,norgate,norgate_only_exclude_nontradeable,False,2026-04-22,,index,norgate breadth/index
$DJUSTL,norgate,norgate_only_exclude_nontradeable,False,2026-04-22,,index,norgate breadth/index
$DJUSTP,norgate,norgate_only_exclude_nontradeable,False,2026-04-22,,index,norgate breadth/index
$DJUSUT,norgate,norgate_only_exclude_nontradeable,False,2026-04-22,,index,norgate breadth/index
$DJUSVL,norgate,norgate_only_exclude_nontradeable,False,2026-04-22,,index,norgate breadth/index
$DJUSVM,norgate,norgate_only_exclude_nontradeable,False,2026-04-22,,index,norgate breadth/index
$DJUSVS,norgate,norgate_only_exclude_nontradeable,False,2026-04-22,,index,norgate breadth/index
$DJUTR,norgate,norgate_only_exclude_nontradeable,False,2026-04-22,,index,norgate breadth/index
$DRB,norgate,norgate_only_exclude_nontradeable,False,2026-04-22,,index,norgate breadth/index
$DRBTR,norgate,norgate_only_exclude_nontradeable,False,2026-04-22,,index,norgate breadth/index
$DRG,norgate,norgate_only_exclude_nontradeable,False,2026-04-22,,index,norgate breadth/index
$DVG,norgate,norgate_only_exclude_nontradeable,False,2026-04-22,,index,norgate breadth/index
$DVGTR,norgate,norgate_only_exclude_nontradeable,False,2026-04-22,,index,norgate breadth/index
$DW25,norgate,norgate_only_exclude_nontradeable,False,2026-04-22,,index,norgate breadth/index
$DWCF,norgate,norgate_only_exclude_nontradeable,False,2026-04-22,,index,norgate breadth/index
$DWCFT,norgate,norgate_only_exclude_nontradeable,False,2026-04-22,,index,norgate breadth/index
$DWCPF,norgate,norgate_only_exclude_nontradeable,False,2026-04-22,,index,norgate breadth/index
$DWRTF,norgate,norgate_only_exclude_nontradeable,False,2026-04-22,,index,norgate breadth/index
$DWRTFT,norgate,norgate_only_exclude_nontradeable,False,2026-04-22,,index,norgate breadth/index
$DXS,norgate,norgate_only_exclude_nontradeable,False,2026-04-22,,index,norgate breadth/index
$ECO,norgate,norgate_only_exclude_nontradeable,False,2026-04-22,,index,norgate breadth/index
$FUM,norgate,norgate_only_exclude_nontradeable,False,2026-04-22,,index,norgate breadth/index
$GVZ,norgate,norgate_only_exclude_nontradeable,False,2026-04-22,,index,norgate breadth/index
$HGX,norgate,norgate_only_exclude_nontradeable,False,2026-04-22,,index,norgate breadth/index
$HHO,norgate,norgate_only_exclude_nontradeable,False,2026-04-22,,index,norgate breadth/index
$HUI,norgate,norgate_only_exclude_nontradeable,False,2026-04-22,,index,norgate breadth/index
$HWI,norgate,norgate_only_exclude_nontradeable,False,2026-04-22,,index,norgate breadth/index
$IXB,norgate,norgate_only_exclude_nontradeable,False,2026-04-22,,index,norgate breadth/index
$IXBK,norgate,norgate_only_exclude_nontradeable,False,2026-04-22,,index,norgate breadth/index
$IXC,norgate,norgate_only_exclude_nontradeable,False,2026-04-22,,index,norgate breadth/index
$IXE,norgate,norgate_only_exclude_nontradeable,False,2026-04-22,,index,norgate breadth/index
$IXF,norgate,norgate_only_exclude_nontradeable,False,2026-04-22,,index,norgate breadth/index
$IXFN,norgate,norgate_only_exclude_nontradeable,False,2026-04-22,,index,norgate breadth/index
$IXHC,norgate,norgate_only_exclude_nontradeable,False,2026-04-22,,index,norgate breadth/index
$IXI,norgate,norgate_only_exclude_nontradeable,False,2026-04-22,,index,norgate breadth/index
$IXID,norgate,norgate_only_exclude_nontradeable,False,2026-04-22,,index,norgate breadth/index
$IXIS,norgate,norgate_only_exclude_nontradeable,False,2026-04-22,,index,norgate breadth/index
$IXK,norgate,norgate_only_exclude_nontradeable,False,2026-04-22,,index,norgate breadth/index
$IXM,norgate,norgate_only_exclude_nontradeable,False,2026-04-22,,index,norgate breadth/index
$IXR,norgate,norgate_only_exclude_nontradeable,False,2026-04-22,,index,norgate breadth/index
$IXRE,norgate,norgate_only_exclude_nontradeable,False,2026-04-22,,index,norgate breadth/index
$IXT,norgate,norgate_only_exclude_nontradeable,False,2026-04-22,,index,norgate breadth/index
$IXTC,norgate,norgate_only_exclude_nontradeable,False,2026-04-22,,index,norgate breadth/index
$IXTR,norgate,norgate_only_exclude_nontradeable,False,2026-04-22,,index,norgate breadth/index
$IXU,norgate,norgate_only_exclude_nontradeable,False,2026-04-22,,index,norgate breadth/index
$IXV,norgate,norgate_only_exclude_nontradeable,False,2026-04-22,,index,norgate breadth/index
$IXY,norgate,norgate_only_exclude_nontradeable,False,2026-04-22,,index,norgate breadth/index
$KAIEAT,norgate,norgate_only_exclude_nontradeable,False,2026-04-22,,index,norgate breadth/index
$KAIEATP,norgate,norgate_only_exclude_nontradeable,False,2026-04-22,,index,norgate breadth/index
$KAIGPT,norgate,norgate_only_exclude_nontradeable,False,2026-04-22,,index,norgate breadth/index
$KAIGPTP,norgate,norgate_only_exclude_nontradeable,False,2026-04-22,,index,norgate breadth/index
$KALTFIN,norgate,norgate_only_exclude_nontradeable,False,2026-04-22,,index,norgate breadth/index
$KALTFINP,norgate,norgate_only_exclude_nontradeable,False,2026-04-22,,index,norgate breadth/index
$KATS,norgate,norgate_only_exclude_nontradeable,False,2026-04-22,,index,norgate breadth/index
$KATSP,norgate,norgate_only_exclude_nontradeable,False,2026-04-22,,index,norgate breadth/index
$KBORG,norgate,norgate_only_exclude_nontradeable,False,2026-04-22,,index,norgate breadth/index
$KBORGP,norgate,norgate_only_exclude_nontradeable,False,2026-04-22,,index,norgate breadth/index
$KBOTS,norgate,norgate_only_exclude_nontradeable,False,2026-04-22,,index,norgate breadth/index
$KBOTSP,norgate,norgate_only_exclude_nontradeable,False,2026-04-22,,index,norgate breadth/index
$KCARS,norgate,norgate_only_exclude_nontradeable,False,2026-04-22,,index,norgate breadth/index
$KCARSP,norgate,norgate_only_exclude_nontradeable,False,2026-04-22,,index,norgate breadth/index
$KCLEAN,norgate,norgate_only_exclude_nontradeable,False,2026-04-22,,index,norgate breadth/index
$KCLEANP,norgate,norgate_only_exclude_nontradeable,False,2026-04-22,,index,norgate breadth/index
$KCNNECTP,norgate,norgate_only_exclude_nontradeable,False,2026-04-22,,index,norgate breadth/index
$KCONNECT,norgate,norgate_only_exclude_nontradeable,False,2026-04-22,,index,norgate breadth/index
$KCYBER,norgate,norgate_only_exclude_nontradeable,False,2026-04-22,,index,norgate breadth/index
$KCYBERML,norgate,norgate_only_exclude_nontradeable,False,2026-04-22,,index,norgate breadth/index
$KCYBERMP,norgate,norgate_only_exclude_nontradeable,False,2026-04-22,,index,norgate breadth/index
$KCYBERP,norgate,norgate_only_exclude_nontradeable,False,2026-04-22,,index,norgate breadth/index
$KDDDP,norgate,norgate_only_exclude_nontradeable,False,2026-04-22,,index,norgate breadth/index
$KDDDPP,norgate,norgate_only_exclude_nontradeable,False,2026-04-22,,index,norgate breadth/index
$KDMZ,norgate,norgate_only_exclude_nontradeable,False,2026-04-22,,index,norgate breadth/index
$KDMZP,norgate,norgate_only_exclude_nontradeable,False,2026-04-22,,index,norgate breadth/index
$KDNA,norgate,norgate_only_exclude_nontradeable,False,2026-04-22,,index,norgate breadth/index
$KDNAP,norgate,norgate_only_exclude_nontradeable,False,2026-04-22,,index,norgate breadth/index
$KDOC,norgate,norgate_only_exclude_nontradeable,False,2026-04-22,,index,norgate breadth/index
$KDOCP,norgate,norgate_only_exclude_nontradeable,False,2026-04-22,,index,norgate breadth/index
$KDRONE,norgate,norgate_only_exclude_nontradeable,False,2026-04-22,,index,norgate breadth/index
$KDRONEP,norgate,norgate_only_exclude_nontradeable,False,2026-04-22,,index,norgate breadth/index
$KDX,norgate,norgate_only_exclude_nontradeable,False,2026-04-22,,index,norgate breadth/index
$KENERGY,norgate,norgate_only_exclude_nontradeable,False,2026-04-22,,index,norgate breadth/index
$KENERGYP,norgate,norgate_only_exclude_nontradeable,False,2026-04-22,,index,norgate breadth/index
$KEV,norgate,norgate_only_exclude_nontradeable,False,2026-04-22,,index,norgate breadth/index
$KEVOLVE,norgate,norgate_only_exclude_nontradeable,False,2026-04-22,,index,norgate breadth/index
$KEVOLVEP,norgate,norgate_only_exclude_nontradeable,False,2026-04-22,,index,norgate breadth/index
$KEVP,norgate,norgate_only_exclude_nontradeable,False,2026-04-22,,index,norgate breadth/index
$KEXPLORE,norgate,norgate_only_exclude_nontradeable,False,2026-04-22,,index,norgate breadth/index
$KEXPLORP,norgate,norgate_only_exclude_nontradeable,False,2026-04-22,,index,norgate breadth/index
$KFARM,norgate,norgate_only_exclude_nontradeable,False,2026-04-22,,index,norgate breadth/index
$KFARMP,norgate,norgate_only_exclude_nontradeable,False,2026-04-22,,index,norgate breadth/index
$KFIN,norgate,norgate_only_exclude_nontradeable,False,2026-04-22,,index,norgate breadth/index
$KFINP,norgate,norgate_only_exclude_nontradeable,False,2026-04-22,,index,norgate breadth/index
$KFTX,norgate,norgate_only_exclude_nontradeable,False,2026-04-22,,index,norgate breadth/index
$KGRIDS,norgate,norgate_only_exclude_nontradeable,False,2026-04-22,,index,norgate breadth/index
$KGRIDSP,norgate,norgate_only_exclude_nontradeable,False,2026-04-22,,index,norgate breadth/index
$KHEUP,norgate,norgate_only_exclude_nontradeable,False,2026-04-22,,index,norgate breadth/index
$KHEUT,norgate,norgate_only_exclude_nontradeable,False,2026-04-22,,index,norgate breadth/index
$KHOME,norgate,norgate_only_exclude_nontradeable,False,2026-04-22,,index,norgate breadth/index
$KHOMEP,norgate,norgate_only_exclude_nontradeable,False,2026-04-22,,index,norgate breadth/index
$KINFRA,norgate,norgate_only_exclude_nontradeable,False,2026-04-22,,index,norgate breadth/index
$KINFRAP,norgate,norgate_only_exclude_nontradeable,False,2026-04-22,,index,norgate breadth/index
$KIX,norgate,norgate_only_exclude_nontradeable,False,2026-04-22,,index,norgate breadth/index
$KLEDGER,norgate,norgate_only_exclude_nontradeable,False,2026-04-22,,index,norgate breadth/index
$KLEDGERP,norgate,norgate_only_exclude_nontradeable,False,2026-04-22,,index,norgate breadth/index
$KMARS,norgate,norgate_only_exclude_nontradeable,False,2026-04-22,,index,norgate breadth/index
$KMARSP,norgate,norgate_only_exclude_nontradeable,False,2026-04-22,,index,norgate breadth/index
$KMOON,norgate,norgate_only_exclude_nontradeable,False,2026-04-22,,index,norgate breadth/index
$KMOONP,norgate,norgate_only_exclude_nontradeable,False,2026-04-22,,index,norgate breadth/index
$KMOVE,norgate,norgate_only_exclude_nontradeable,False,2026-04-22,,index,norgate breadth/index
$KMOVEP,norgate,norgate_only_exclude_nontradeable,False,2026-04-22,,index,norgate breadth/index
$KNANO,norgate,norgate_only_exclude_nontradeable,False,2026-04-22,,index,norgate breadth/index
$KNANOP,norgate,norgate_only_exclude_nontradeable,False,2026-04-22,,index,norgate breadth/index
$KNESLX,norgate,norgate_only_exclude_nontradeable,False,2026-04-22,,index,norgate breadth/index
$KNESLXP,norgate,norgate_only_exclude_nontradeable,False,2026-04-22,,index,norgate breadth/index
$KNEX,norgate,norgate_only_exclude_nontradeable,False,2026-04-22,,index,norgate breadth/index
$KNEXP,norgate,norgate_only_exclude_nontradeable,False,2026-04-22,,index,norgate breadth/index
$KPAY,norgate,norgate_only_exclude_nontradeable,False,2026-04-22,,index,norgate breadth/index
$KPAYP,norgate,norgate_only_exclude_nontradeable,False,2026-04-22,,index,norgate breadth/index
$KPOWER,norgate,norgate_only_exclude_nontradeable,False,2026-04-22,,index,norgate breadth/index
$KPOWERP,norgate,norgate_only_exclude_nontradeable,False,2026-04-22,,index,norgate breadth/index
$KPX,norgate,norgate_only_exclude_nontradeable,False,2026-04-22,,index,norgate breadth/index
$KRX,norgate,norgate_only_exclude_nontradeable,False,2026-04-22,,index,norgate breadth/index
$KSECURE,norgate,norgate_only_exclude_nontradeable,False,2026-04-22,,index,norgate breadth/index
$KSECUREP,norgate,norgate_only_exclude_nontradeable,False,2026-04-22,,index,norgate breadth/index
$KSOCIAL,norgate,norgate_only_exclude_nontradeable,False,2026-04-22,,index,norgate breadth/index
$KSOCIALP,norgate,norgate_only_exclude_nontradeable,False,2026-04-22,,index,norgate breadth/index
$KSTAPLE,norgate,norgate_only_exclude_nontradeable,False,2026-04-22,,index,norgate breadth/index
$KSTAPLEP,norgate,norgate_only_exclude_nontradeable,False,2026-04-22,,index,norgate breadth/index
$KSX,norgate,norgate_only_exclude_nontradeable,False,2026-04-22,,index,norgate breadth/index
$KTEAM,norgate,norgate_only_exclude_nontradeable,False,2026-04-22,,index,norgate breadth/index
$KTEAMP,norgate,norgate_only_exclude_nontradeable,False,2026-04-22,,index,norgate breadth/index
$KVR,norgate,norgate_only_exclude_nontradeable,False,2026-04-22,,index,norgate breadth/index
$KVRP,norgate,norgate_only_exclude_nontradeable,False,2026-04-22,,index,norgate breadth/index
$KYX,norgate,norgate_only_exclude_nontradeable,False,2026-04-22,,index,norgate breadth/index
$MGD,norgate,norgate_only_exclude_nontradeable,False,2026-04-22,,index,norgate breadth/index
$MID,norgate,norgate_only_exclude_nontradeable,False,2026-04-22,,index,norgate breadth/index
$MIDEWI,norgate,norgate_only_exclude_nontradeable,False,2026-04-22,,index,norgate breadth/index
$MIDEWITR,norgate,norgate_only_exclude_nontradeable,False,2026-04-22,,index,norgate breadth/index
$MIDTR,norgate,norgate_only_exclude_nontradeable,False,2026-04-22,,index,norgate breadth/index
$MUV,norgate,norgate_only_exclude_nontradeable,False,2026-04-22,,index,norgate breadth/index
$MXY,norgate,norgate_only_exclude_nontradeable,False,2026-04-22,,index,norgate breadth/index
$NBI,norgate,norgate_only_exclude_nontradeable,False,2026-04-22,,index,norgate breadth/index
$NBITR,norgate,norgate_only_exclude_nontradeable,False,2026-04-22,,index,norgate breadth/index
$NDX,norgate,norgate_only_exclude_nontradeable,True,2026-04-22,,index,norgate breadth/index
$NDXE,norgate,norgate_only_exclude_nontradeable,False,2026-04-22,,index,norgate breadth/index
$NDXETR,norgate,norgate_only_exclude_nontradeable,False,2026-04-22,,index,norgate breadth/index
$NDXT,norgate,norgate_only_exclude_nontradeable,False,2026-04-22,,index,norgate breadth/index
$NDXTR,norgate,norgate_only_exclude_nontradeable,False,2026-04-22,,index,norgate breadth/index
$NDXTTR,norgate,norgate_only_exclude_nontradeable,False,2026-04-22,,index,norgate breadth/index
$NDXX,norgate,norgate_only_exclude_nontradeable,False,2026-04-22,,index,norgate breadth/index
$NGX,norgate,norgate_only_exclude_nontradeable,False,2026-04-22,,index,norgate breadth/index
$NGXTR,norgate,norgate_only_exclude_nontradeable,False,2026-04-22,,index,norgate breadth/index
$NQGM,norgate,norgate_only_exclude_nontradeable,False,2026-04-22,,index,norgate breadth/index
$NQGS,norgate,norgate_only_exclude_nontradeable,False,2026-04-22,,index,norgate breadth/index
$NQMAUS,norgate,norgate_only_exclude_nontradeable,False,2026-04-22,,index,norgate breadth/index
$NWX,norgate,norgate_only_exclude_nontradeable,False,2026-04-22,,index,norgate breadth/index
$NXTQ,norgate,norgate_only_exclude_nontradeable,False,2026-04-22,,index,norgate breadth/index
$NXTQTR,norgate,norgate_only_exclude_nontradeable,False,2026-04-22,,index,norgate breadth/index
$NXTR,norgate,norgate_only_exclude_nontradeable,False,2026-04-22,,index,norgate breadth/index
$NYA,norgate,norgate_only_exclude_nontradeable,False,2026-04-22,,index,norgate breadth/index
$NYEID,norgate,norgate_only_exclude_nontradeable,False,2026-04-22,,index,norgate breadth/index
$NYFANG,norgate,norgate_only_exclude_nontradeable,False,2026-04-22,,index,norgate breadth/index
$NYID,norgate,norgate_only_exclude_nontradeable,False,2026-04-22,,index,norgate breadth/index
$NYIID,norgate,norgate_only_exclude_nontradeable,False,2026-04-22,,index,norgate breadth/index
$NYKID,norgate,norgate_only_exclude_nontradeable,False,2026-04-22,,index,norgate breadth/index
$NYLID,norgate,norgate_only_exclude_nontradeable,False,2026-04-22,,index,norgate breadth/index
$NYPID,norgate,norgate_only_exclude_nontradeable,False,2026-04-22,,index,norgate breadth/index
$NYTECH,norgate,norgate_only_exclude_nontradeable,False,2026-04-22,,index,norgate breadth/index
$NYYID,norgate,norgate_only_exclude_nontradeable,False,2026-04-22,,index,norgate breadth/index
$OEX,norgate,norgate_only_exclude_nontradeable,True,2026-04-22,,index,norgate breadth/index
$OEXEW,norgate,norgate_only_exclude_nontradeable,False,2026-04-22,,index,norgate breadth/index
$OEXEWTR,norgate,norgate_only_exclude_nontradeable,False,2026-04-22,,index,norgate breadth/index
$OEXTR,norgate,norgate_only_exclude_nontradeable,False,2026-04-22,,index,norgate breadth/index
$OSX,norgate,norgate_only_exclude_nontradeable,False,2026-04-22,,index,norgate breadth/index
$OVX,norgate,norgate_only_exclude_nontradeable,False,2026-04-22,,index,norgate breadth/index
$PSE,norgate,norgate_only_exclude_nontradeable,False,2026-04-22,,index,norgate breadth/index
$PUT,norgate,norgate_only_exclude_nontradeable,False,2026-04-22,,index,norgate breadth/index
$QNET,norgate,norgate_only_exclude_nontradeable,False,2026-04-22,,index,norgate breadth/index
$QNETTR,norgate,norgate_only_exclude_nontradeable,False,2026-04-22,,index,norgate breadth/index
$R1ELC,norgate,norgate_only_exclude_nontradeable,False,2026-04-22,,index,norgate breadth/index
$R1ELCTR,norgate,norgate_only_exclude_nontradeable,False,2026-04-22,,index,norgate breadth/index
$R2ESC,norgate,norgate_only_exclude_nontradeable,False,2026-04-22,,index,norgate breadth/index
$R2ESCTR,norgate,norgate_only_exclude_nontradeable,False,2026-04-22,,index,norgate breadth/index
$RAG,norgate,norgate_only_exclude_nontradeable,False,2026-04-22,,index,norgate breadth/index
$RAV,norgate,norgate_only_exclude_nontradeable,False,2026-04-22,,index,norgate breadth/index
$RCI,norgate,norgate_only_exclude_nontradeable,False,2026-04-22,,index,norgate breadth/index
$RCIT,norgate,norgate_only_exclude_nontradeable,False,2026-04-22,,index,norgate breadth/index
$RDG,norgate,norgate_only_exclude_nontradeable,False,2026-04-22,,index,norgate breadth/index
$REI,norgate,norgate_only_exclude_nontradeable,False,2026-04-22,,index,norgate breadth/index
$REIT,norgate,norgate_only_exclude_nontradeable,False,2026-04-22,,index,norgate breadth/index
$RLG,norgate,norgate_only_exclude_nontradeable,False,2026-04-22,,index,norgate breadth/index
$RLV,norgate,norgate_only_exclude_nontradeable,False,2026-04-22,,index,norgate breadth/index
$RMC,norgate,norgate_only_exclude_nontradeable,False,2026-04-22,,index,norgate breadth/index
$RMCTR,norgate,norgate_only_exclude_nontradeable,False,2026-04-22,,index,norgate breadth/index
$RMEMC,norgate,norgate_only_exclude_nontradeable,False,2026-04-22,,index,norgate breadth/index
$RMEMCTR,norgate,norgate_only_exclude_nontradeable,False,2026-04-22,,index,norgate breadth/index
$RMV,norgate,norgate_only_exclude_nontradeable,False,2026-04-22,,index,norgate breadth/index
$RSCC,norgate,norgate_only_exclude_nontradeable,False,2026-04-22,,index,norgate breadth/index
$RSCCTR,norgate,norgate_only_exclude_nontradeable,False,2026-04-22,,index,norgate breadth/index
$RT200,norgate,norgate_only_exclude_nontradeable,False,2026-04-22,,index,norgate breadth/index
$RT200TR,norgate,norgate_only_exclude_nontradeable,False,2026-04-22,,index,norgate breadth/index
$RUA,norgate,norgate_only_exclude_nontradeable,False,2026-04-22,,index,norgate breadth/index
$RUATR,norgate,norgate_only_exclude_nontradeable,False,2026-04-22,,index,norgate breadth/index
$RUB,norgate,norgate_only_exclude_nontradeable,False,2026-04-22,,index,norgate breadth/index
$RUBTR,norgate,norgate_only_exclude_nontradeable,False,2026-04-22,,index,norgate breadth/index
$RUFUSLTU,norgate,norgate_only_exclude_nontradeable,False,2026-04-22,,index,norgate breadth/index
$RUFUSLU,norgate,norgate_only_exclude_nontradeable,False,2026-04-22,,index,norgate breadth/index
$RUFUSSTU,norgate,norgate_only_exclude_nontradeable,False,2026-04-22,,index,norgate breadth/index
$RUFUSSU,norgate,norgate_only_exclude_nontradeable,False,2026-04-22,,index,norgate breadth/index
$RUFUSTU,norgate,norgate_only_exclude_nontradeable,False,2026-04-22,,index,norgate breadth/index
$RUFUSUSD,norgate,norgate_only_exclude_nontradeable,False,2026-04-22,,index,norgate breadth/index
$RUI,norgate,norgate_only_exclude_nontradeable,False,2026-04-22,,index,norgate breadth/index
$RUITR,norgate,norgate_only_exclude_nontradeable,False,2026-04-22,,index,norgate breadth/index
$RUJ,norgate,norgate_only_exclude_nontradeable,False,2026-04-22,,index,norgate breadth/index
$RUMIC,norgate,norgate_only_exclude_nontradeable,False,2026-04-22,,index,norgate breadth/index
$RUMICTR,norgate,norgate_only_exclude_nontradeable,False,2026-04-22,,index,norgate breadth/index
$RUO,norgate,norgate_only_exclude_nontradeable,False,2026-04-22,,index,norgate breadth/index
$RUT,norgate,norgate_only_exclude_nontradeable,True,2026-04-22,,index,norgate breadth/index
$RUTTR,norgate,norgate_only_exclude_nontradeable,False,2026-04-22,,index,norgate breadth/index
$RVX,norgate,norgate_only_exclude_nontradeable,False,2026-04-22,,index,norgate breadth/index
$SDEX,norgate,norgate_only_exclude_nontradeable,False,2026-04-22,,index,norgate breadth/index
$SGX,norgate,norgate_only_exclude_nontradeable,False,2026-04-22,,index,norgate breadth/index
$SKEW,norgate,norgate_only_exclude_nontradeable,False,2026-04-22,,index,norgate breadth/index
$SML,norgate,norgate_only_exclude_nontradeable,False,2026-04-22,,index,norgate breadth/index
$SMLEWI,norgate,norgate_only_exclude_nontradeable,False,2026-04-22,,index,norgate breadth/index
$SMLTR,norgate,norgate_only_exclude_nontradeable,False,2026-04-22,,index,norgate breadth/index
$SOX,norgate,norgate_only_exclude_nontradeable,False,2026-04-22,,index,norgate breadth/index
$SP1000,norgate,norgate_only_exclude_nontradeable,False,2026-04-22,,index,norgate breadth/index
$SP1000TR,norgate,norgate_only_exclude_nontradeable,False,2026-04-22,,index,norgate breadth/index
$SP1500,norgate,norgate_only_exclude_nontradeable,False,2026-04-22,,index,norgate breadth/index
$SP1500A,norgate,norgate_only_exclude_nontradeable,False,2026-04-22,,index,norgate breadth/index
$SP1500AC,norgate,norgate_only_exclude_nontradeable,False,2026-04-22,,index,norgate breadth/index
$SP1500ACTR,norgate,norgate_only_exclude_nontradeable,False,2026-04-22,,index,norgate breadth/index
$SP1500AED,norgate,norgate_only_exclude_nontradeable,False,2026-04-22,,index,norgate breadth/index
$SP1500AEDTR,norgate,norgate_only_exclude_nontradeable,False,2026-04-22,,index,norgate breadth/index
$SP1500AERO,norgate,norgate_only_exclude_nontradeable,False,2026-04-22,,index,norgate breadth/index
$SP1500AEROTR,norgate,norgate_only_exclude_nontradeable,False,2026-04-22,,index,norgate breadth/index
$SP1500AFP,norgate,norgate_only_exclude_nontradeable,False,2026-04-22,,index,norgate breadth/index
$SP1500AFPTR,norgate,norgate_only_exclude_nontradeable,False,2026-04-22,,index,norgate breadth/index
$SP1500AGFM,norgate,norgate_only_exclude_nontradeable,False,2026-04-22,,index,norgate breadth/index
$SP1500AGFMTR,norgate,norgate_only_exclude_nontradeable,False,2026-04-22,,index,norgate breadth/index
$SP1500AIR,norgate,norgate_only_exclude_nontradeable,False,2026-04-22,,index,norgate breadth/index
$SP1500AIRTR,norgate,norgate_only_exclude_nontradeable,False,2026-04-22,,index,norgate breadth/index
$SP1500ALCA,norgate,norgate_only_exclude_nontradeable,False,2026-04-22,,index,norgate breadth/index
$SP1500ALCATR,norgate,norgate_only_exclude_nontradeable,False,2026-04-22,,index,norgate breadth/index
$SP1500ALI,norgate,norgate_only_exclude_nontradeable,False,2026-04-22,,index,norgate breadth/index
$SP1500ALITR,norgate,norgate_only_exclude_nontradeable,False,2026-04-22,,index,norgate breadth/index
$SP1500ALUM,norgate,norgate_only_exclude_nontradeable,False,2026-04-22,,index,norgate breadth/index
$SP1500ALUMTR,norgate,norgate_only_exclude_nontradeable,False,2026-04-22,,index,norgate breadth/index
$SP1500AMCB,norgate,norgate_only_exclude_nontradeable,False,2026-04-22,,index,norgate breadth/index
$SP1500AMCBTR,norgate,norgate_only_exclude_nontradeable,False,2026-04-22,,index,norgate breadth/index
$SP1500APPL,norgate,norgate_only_exclude_nontradeable,False,2026-04-22,,index,norgate breadth/index
$SP1500APPLTR,norgate,norgate_only_exclude_nontradeable,False,2026-04-22,,index,norgate breadth/index
$SP1500ASVC,norgate,norgate_only_exclude_nontradeable,False,2026-04-22,,index,norgate breadth/index
$SP1500ASVCTR,norgate,norgate_only_exclude_nontradeable,False,2026-04-22,,index,norgate breadth/index
$SP1500ATR,norgate,norgate_only_exclude_nontradeable,False,2026-04-22,,index,norgate breadth/index
$SP1500AU,norgate,norgate_only_exclude_nontradeable,False,2026-04-22,,index,norgate breadth/index
$SP1500AUC,norgate,norgate_only_exclude_nontradeable,False,2026-04-22,,index,norgate breadth/index
$SP1500AUCTR,norgate,norgate_only_exclude_nontradeable,False,2026-04-22,,index,norgate breadth/index
$SP1500AURE,norgate,norgate_only_exclude_nontradeable,False,2026-04-22,,index,norgate breadth/index
$SP1500AURETR,norgate,norgate_only_exclude_nontradeable,False,2026-04-22,,index,norgate breadth/index
$SP1500AUTM,norgate,norgate_only_exclude_nontradeable,False,2026-04-22,,index,norgate breadth/index
$SP1500AUTMTR,norgate,norgate_only_exclude_nontradeable,False,2026-04-22,,index,norgate breadth/index
$SP1500AUTO,norgate,norgate_only_exclude_nontradeable,False,2026-04-22,,index,norgate breadth/index
$SP1500AUTOTR,norgate,norgate_only_exclude_nontradeable,False,2026-04-22,,index,norgate breadth/index
$SP1500AUTP,norgate,norgate_only_exclude_nontradeable,False,2026-04-22,,index,norgate breadth/index
$SP1500AUTPTR,norgate,norgate_only_exclude_nontradeable,False,2026-04-22,,index,norgate breadth/index
$SP1500AUTR,norgate,norgate_only_exclude_nontradeable,False,2026-04-22,,index,norgate breadth/index
$SP1500BEVA,norgate,norgate_only_exclude_nontradeable,False,2026-04-22,,index,norgate breadth/index
$SP1500BEVATR,norgate,norgate_only_exclude_nontradeable,False,2026-04-22,,index,norgate breadth/index
$SP1500BEVS,norgate,norgate_only_exclude_nontradeable,False,2026-04-22,,index,norgate breadth/index
$SP1500BEVSTR,norgate,norgate_only_exclude_nontradeable,False,2026-04-22,,index,norgate breadth/index
$SP1500BIOT,norgate,norgate_only_exclude_nontradeable,False,2026-04-22,,index,norgate breadth/index
$SP1500BIOTTR,norgate,norgate_only_exclude_nontradeable,False,2026-04-22,,index,norgate breadth/index
$SP1500BK,norgate,norgate_only_exclude_nontradeable,False,2026-04-22,,index,norgate breadth/index
$SP1500BKS,norgate,norgate_only_exclude_nontradeable,False,2026-04-22,,index,norgate breadth/index
$SP1500BKSTR,norgate,norgate_only_exclude_nontradeable,False,2026-04-22,,index,norgate breadth/index
$SP1500BKTR,norgate,norgate_only_exclude_nontradeable,False,2026-04-22,,index,norgate breadth/index
$SP1500BMAG,norgate,norgate_only_exclude_nontradeable,False,2026-04-22,,index,norgate breadth/index
$SP1500BMAGTR,norgate,norgate_only_exclude_nontradeable,False,2026-04-22,,index,norgate breadth/index
$SP1500BNKS,norgate,norgate_only_exclude_nontradeable,False,2026-04-22,,index,norgate breadth/index
$SP1500BNKSTR,norgate,norgate_only_exclude_nontradeable,False,2026-04-22,,index,norgate breadth/index
$SP1500BRRT,norgate,norgate_only_exclude_nontradeable,False,2026-04-22,,index,norgate breadth/index
$SP1500BRRTTR,norgate,norgate_only_exclude_nontradeable,False,2026-04-22,,index,norgate breadth/index
$SP1500BUI,norgate,norgate_only_exclude_nontradeable,False,2026-04-22,,index,norgate breadth/index
$SP1500BUITR,norgate,norgate_only_exclude_nontradeable,False,2026-04-22,,index,norgate breadth/index
$SP1500BULD,norgate,norgate_only_exclude_nontradeable,False,2026-04-22,,index,norgate breadth/index
$SP1500BULDTR,norgate,norgate_only_exclude_nontradeable,False,2026-04-22,,index,norgate breadth/index
$SP1500BVGS,norgate,norgate_only_exclude_nontradeable,False,2026-04-22,,index,norgate breadth/index
$SP1500BVGSTR,norgate,norgate_only_exclude_nontradeable,False,2026-04-22,,index,norgate breadth/index
$SP1500CARD,norgate,norgate_only_exclude_nontradeable,False,2026-04-22,,index,norgate breadth/index
$SP1500CARDTR,norgate,norgate_only_exclude_nontradeable,False,2026-04-22,,index,norgate breadth/index
$SP1500CARE,norgate,norgate_only_exclude_nontradeable,False,2026-04-22,,index,norgate breadth/index
$SP1500CARETR,norgate,norgate_only_exclude_nontradeable,False,2026-04-22,,index,norgate breadth/index
$SP1500CARG,norgate,norgate_only_exclude_nontradeable,False,2026-04-22,,index,norgate breadth/index
$SP1500CARGTR,norgate,norgate_only_exclude_nontradeable,False,2026-04-22,,index,norgate breadth/index
$SP1500CBSA,norgate,norgate_only_exclude_nontradeable,False,2026-04-22,,index,norgate breadth/index
$SP1500CBSATR,norgate,norgate_only_exclude_nontradeable,False,2026-04-22,,index,norgate breadth/index
$SP1500CCAM,norgate,norgate_only_exclude_nontradeable,False,2026-04-22,,index,norgate breadth/index
$SP1500CCAMTR,norgate,norgate_only_exclude_nontradeable,False,2026-04-22,,index,norgate breadth/index
$SP1500CCCE,norgate,norgate_only_exclude_nontradeable,False,2026-04-22,,index,norgate breadth/index
$SP1500CCCETR,norgate,norgate_only_exclude_nontradeable,False,2026-04-22,,index,norgate breadth/index
$SP1500CCGL,norgate,norgate_only_exclude_nontradeable,False,2026-04-22,,index,norgate breadth/index
$SP1500CCGLTR,norgate,norgate_only_exclude_nontradeable,False,2026-04-22,,index,norgate breadth/index
$SP1500CCRS,norgate,norgate_only_exclude_nontradeable,False,2026-04-22,,index,norgate breadth/index
$SP1500CCRSTR,norgate,norgate_only_exclude_nontradeable,False,2026-04-22,,index,norgate breadth/index
$SP1500CEMT,norgate,norgate_only_exclude_nontradeable,False,2026-04-22,,index,norgate breadth/index
$SP1500CEMTTR,norgate,norgate_only_exclude_nontradeable,False,2026-04-22,,index,norgate breadth/index
$SP1500CFI,norgate,norgate_only_exclude_nontradeable,False,2026-04-22,,index,norgate breadth/index
$SP1500CFITR,norgate,norgate_only_exclude_nontradeable,False,2026-04-22,,index,norgate breadth/index
$SP1500CGTR,norgate,norgate_only_exclude_nontradeable,False,2026-04-22,,index,norgate breadth/index
$SP1500CGTRTR,norgate,norgate_only_exclude_nontradeable,False,2026-04-22,,index,norgate breadth/index
$SP1500CHCC,norgate,norgate_only_exclude_nontradeable,False,2026-04-22,,index,norgate breadth/index
$SP1500CHCCTR,norgate,norgate_only_exclude_nontradeable,False,2026-04-22,,index,norgate breadth/index
$SP1500CHEM,norgate,norgate_only_exclude_nontradeable,False,2026-04-22,,index,norgate breadth/index
$SP1500CHEMTR,norgate,norgate_only_exclude_nontradeable,False,2026-04-22,,index,norgate breadth/index
$SP1500CHFA,norgate,norgate_only_exclude_nontradeable,False,2026-04-22,,index,norgate breadth/index
$SP1500CHFATR,norgate,norgate_only_exclude_nontradeable,False,2026-04-22,,index,norgate breadth/index
$SP1500CHMC,norgate,norgate_only_exclude_nontradeable,False,2026-04-22,,index,norgate breadth/index
$SP1500CHMCTR,norgate,norgate_only_exclude_nontradeable,False,2026-04-22,,index,norgate breadth/index
$SP1500CHMD,norgate,norgate_only_exclude_nontradeable,False,2026-04-22,,index,norgate breadth/index
$SP1500CHMDTR,norgate,norgate_only_exclude_nontradeable,False,2026-04-22,,index,norgate breadth/index
$SP1500CMFE,norgate,norgate_only_exclude_nontradeable,False,2026-04-22,,index,norgate breadth/index
$SP1500CMFETR,norgate,norgate_only_exclude_nontradeable,False,2026-04-22,,index,norgate breadth/index
$SP1500CMK,norgate,norgate_only_exclude_nontradeable,False,2026-04-22,,index,norgate breadth/index
$SP1500CMKTR,norgate,norgate_only_exclude_nontradeable,False,2026-04-22,,index,norgate breadth/index
$SP1500CMSF,norgate,norgate_only_exclude_nontradeable,False,2026-04-22,,index,norgate breadth/index
$SP1500CMSFTR,norgate,norgate_only_exclude_nontradeable,False,2026-04-22,,index,norgate breadth/index
$SP1500CNEL,norgate,norgate_only_exclude_nontradeable,False,2026-04-22,,index,norgate breadth/index
$SP1500CNELTR,norgate,norgate_only_exclude_nontradeable,False,2026-04-22,,index,norgate breadth/index
$SP1500COAL,norgate,norgate_only_exclude_nontradeable,False,2026-04-22,,index,norgate breadth/index
$SP1500COALTR,norgate,norgate_only_exclude_nontradeable,False,2026-04-22,,index,norgate breadth/index
$SP1500COEQ,norgate,norgate_only_exclude_nontradeable,False,2026-04-22,,index,norgate breadth/index
$SP1500COEQTR,norgate,norgate_only_exclude_nontradeable,False,2026-04-22,,index,norgate breadth/index
$SP1500COM,norgate,norgate_only_exclude_nontradeable,False,2026-04-22,,index,norgate breadth/index
$SP1500COMM,norgate,norgate_only_exclude_nontradeable,False,2026-04-22,,index,norgate breadth/index
$SP1500COMMTR,norgate,norgate_only_exclude_nontradeable,False,2026-04-22,,index,norgate breadth/index
$SP1500COMS,norgate,norgate_only_exclude_nontradeable,False,2026-04-22,,index,norgate breadth/index
$SP1500COMSTR,norgate,norgate_only_exclude_nontradeable,False,2026-04-22,,index,norgate breadth/index
$SP1500COMTR,norgate,norgate_only_exclude_nontradeable,False,2026-04-22,,index,norgate breadth/index
$SP1500CONM,norgate,norgate_only_exclude_nontradeable,False,2026-04-22,,index,norgate breadth/index
$SP1500CONMTR,norgate,norgate_only_exclude_nontradeable,False,2026-04-22,,index,norgate breadth/index
$SP1500CONP,norgate,norgate_only_exclude_nontradeable,False,2026-04-22,,index,norgate breadth/index
$SP1500CONPTR,norgate,norgate_only_exclude_nontradeable,False,2026-04-22,,index,norgate breadth/index
$SP1500CONT,norgate,norgate_only_exclude_nontradeable,False,2026-04-22,,index,norgate breadth/index
$SP1500CONTTR,norgate,norgate_only_exclude_nontradeable,False,2026-04-22,,index,norgate breadth/index
$SP1500COP,norgate,norgate_only_exclude_nontradeable,False,2026-04-22,,index,norgate breadth/index
$SP1500COPE,norgate,norgate_only_exclude_nontradeable,False,2026-04-22,,index,norgate breadth/index
$SP1500COPETR,norgate,norgate_only_exclude_nontradeable,False,2026-04-22,,index,norgate breadth/index
$SP1500COPTR,norgate,norgate_only_exclude_nontradeable,False,2026-04-22,,index,norgate breadth/index
$SP1500CS,norgate,norgate_only_exclude_nontradeable,False,2026-04-22,,index,norgate breadth/index
$SP1500CSCP,norgate,norgate_only_exclude_nontradeable,False,2026-04-22,,index,norgate breadth/index
$SP1500CSCPTR,norgate,norgate_only_exclude_nontradeable,False,2026-04-22,,index,norgate breadth/index
$SP1500CSE,norgate,norgate_only_exclude_nontradeable,False,2026-04-22,,index,norgate breadth/index
$SP1500CSETR,norgate,norgate_only_exclude_nontradeable,False,2026-04-22,,index,norgate breadth/index
$SP1500CSS,norgate,norgate_only_exclude_nontradeable,False,2026-04-22,,index,norgate breadth/index
$SP1500CSSTR,norgate,norgate_only_exclude_nontradeable,False,2026-04-22,,index,norgate breadth/index
$SP1500CSTR,norgate,norgate_only_exclude_nontradeable,False,2026-04-22,,index,norgate breadth/index
$SP1500D,norgate,norgate_only_exclude_nontradeable,False,2026-04-22,,index,norgate breadth/index
$SP1500DBTR,norgate,norgate_only_exclude_nontradeable,False,2026-04-22,,index,norgate breadth/index
$SP1500DBTRTR,norgate,norgate_only_exclude_nontradeable,False,2026-04-22,,index,norgate breadth/index
$SP1500DCRE,norgate,norgate_only_exclude_nontradeable,False,2026-04-22,,index,norgate breadth/index
$SP1500DCRETR,norgate,norgate_only_exclude_nontradeable,False,2026-04-22,,index,norgate breadth/index
$SP1500DCS,norgate,norgate_only_exclude_nontradeable,False,2026-04-22,,index,norgate breadth/index
$SP1500DCSTR,norgate,norgate_only_exclude_nontradeable,False,2026-04-22,,index,norgate breadth/index
$SP1500DF,norgate,norgate_only_exclude_nontradeable,False,2026-04-22,,index,norgate breadth/index
$SP1500DFTR,norgate,norgate_only_exclude_nontradeable,False,2026-04-22,,index,norgate breadth/index
$SP1500DIFN,norgate,norgate_only_exclude_nontradeable,False,2026-04-22,,index,norgate breadth/index
$SP1500DIFNTR,norgate,norgate_only_exclude_nontradeable,False,2026-04-22,,index,norgate breadth/index
$SP1500DIST,norgate,norgate_only_exclude_nontradeable,False,2026-04-22,,index,norgate breadth/index
$SP1500DISTTR,norgate,norgate_only_exclude_nontradeable,False,2026-04-22,,index,norgate breadth/index
$SP1500DSSR,norgate,norgate_only_exclude_nontradeable,False,2026-04-22,,index,norgate breadth/index
$SP1500DSSRTR,norgate,norgate_only_exclude_nontradeable,False,2026-04-22,,index,norgate breadth/index
$SP1500DSVN,norgate,norgate_only_exclude_nontradeable,False,2026-04-22,,index,norgate breadth/index
$SP1500DSVNTR,norgate,norgate_only_exclude_nontradeable,False,2026-04-22,,index,norgate breadth/index
$SP1500DTES,norgate,norgate_only_exclude_nontradeable,False,2026-04-22,,index,norgate breadth/index
$SP1500DTESTR,norgate,norgate_only_exclude_nontradeable,False,2026-04-22,,index,norgate breadth/index
$SP1500DTR,norgate,norgate_only_exclude_nontradeable,False,2026-04-22,,index,norgate breadth/index
$SP1500E,norgate,norgate_only_exclude_nontradeable,False,2026-04-22,,index,norgate breadth/index
$SP1500EDUS,norgate,norgate_only_exclude_nontradeable,False,2026-04-22,,index,norgate breadth/index
$SP1500EDUSTR,norgate,norgate_only_exclude_nontradeable,False,2026-04-22,,index,norgate breadth/index
$SP1500EEIS,norgate,norgate_only_exclude_nontradeable,False,2026-04-22,,index,norgate breadth/index
$SP1500EEISTR,norgate,norgate_only_exclude_nontradeable,False,2026-04-22,,index,norgate breadth/index
$SP1500ELCE,norgate,norgate_only_exclude_nontradeable,False,2026-04-22,,index,norgate breadth/index
$SP1500ELCETR,norgate,norgate_only_exclude_nontradeable,False,2026-04-22,,index,norgate breadth/index
$SP1500ELCO,norgate,norgate_only_exclude_nontradeable,False,2026-04-22,,index,norgate breadth/index
$SP1500ELCOTR,norgate,norgate_only_exclude_nontradeable,False,2026-04-22,,index,norgate breadth/index
$SP1500ELCS,norgate,norgate_only_exclude_nontradeable,False,2026-04-22,,index,norgate breadth/index
$SP1500ELCSTR,norgate,norgate_only_exclude_nontradeable,False,2026-04-22,,index,norgate breadth/index
$SP1500ELEC,norgate,norgate_only_exclude_nontradeable,False,2026-04-22,,index,norgate breadth/index
$SP1500ELECTR,norgate,norgate_only_exclude_nontradeable,False,2026-04-22,,index,norgate breadth/index
$SP1500ELEQ,norgate,norgate_only_exclude_nontradeable,False,2026-04-22,,index,norgate breadth/index
$SP1500ELEQTR,norgate,norgate_only_exclude_nontradeable,False,2026-04-22,,index,norgate breadth/index
$SP1500ELMS,norgate,norgate_only_exclude_nontradeable,False,2026-04-22,,index,norgate breadth/index
$SP1500ELMSTR,norgate,norgate_only_exclude_nontradeable,False,2026-04-22,,index,norgate breadth/index
$SP1500ELQ,norgate,norgate_only_exclude_nontradeable,False,2026-04-22,,index,norgate breadth/index
$SP1500ELQTR,norgate,norgate_only_exclude_nontradeable,False,2026-04-22,,index,norgate breadth/index
$SP1500ELUT,norgate,norgate_only_exclude_nontradeable,False,2026-04-22,,index,norgate breadth/index
$SP1500ELUTTR,norgate,norgate_only_exclude_nontradeable,False,2026-04-22,,index,norgate breadth/index
$SP1500EN,norgate,norgate_only_exclude_nontradeable,False,2026-04-22,,index,norgate breadth/index
$SP1500ENRM,norgate,norgate_only_exclude_nontradeable,False,2026-04-22,,index,norgate breadth/index
$SP1500ENRMTR,norgate,norgate_only_exclude_nontradeable,False,2026-04-22,,index,norgate breadth/index
$SP1500ENS,norgate,norgate_only_exclude_nontradeable,False,2026-04-22,,index,norgate breadth/index
$SP1500ENSTR,norgate,norgate_only_exclude_nontradeable,False,2026-04-22,,index,norgate breadth/index
$SP1500ENT,norgate,norgate_only_exclude_nontradeable,False,2026-04-22,,index,norgate breadth/index
$SP1500ENTE,norgate,norgate_only_exclude_nontradeable,False,2026-04-22,,index,norgate breadth/index
$SP1500ENTETR,norgate,norgate_only_exclude_nontradeable,False,2026-04-22,,index,norgate breadth/index
$SP1500ENTR,norgate,norgate_only_exclude_nontradeable,False,2026-04-22,,index,norgate breadth/index
$SP1500ENTS,norgate,norgate_only_exclude_nontradeable,False,2026-04-22,,index,norgate breadth/index
$SP1500ENTSTR,norgate,norgate_only_exclude_nontradeable,False,2026-04-22,,index,norgate breadth/index
$SP1500ENTTR,norgate,norgate_only_exclude_nontradeable,False,2026-04-22,,index,norgate breadth/index
$SP1500ETR,norgate,norgate_only_exclude_nontradeable,False,2026-04-22,,index,norgate breadth/index
$SP1500EW,norgate,norgate_only_exclude_nontradeable,False,2026-04-22,,index,norgate breadth/index
$SP1500EWTR,norgate,norgate_only_exclude_nontradeable,False,2026-04-22,,index,norgate breadth/index
$SP1500F,norgate,norgate_only_exclude_nontradeable,False,2026-04-22,,index,norgate breadth/index
$SP1500FBT,norgate,norgate_only_exclude_nontradeable,False,2026-04-22,,index,norgate breadth/index
$SP1500FBTTR,norgate,norgate_only_exclude_nontradeable,False,2026-04-22,,index,norgate breadth/index
$SP1500FD,norgate,norgate_only_exclude_nontradeable,False,2026-04-22,,index,norgate breadth/index
$SP1500FDGR,norgate,norgate_only_exclude_nontradeable,False,2026-04-22,,index,norgate breadth/index
$SP1500FDGRTR,norgate,norgate_only_exclude_nontradeable,False,2026-04-22,,index,norgate breadth/index
$SP1500FDPR,norgate,norgate_only_exclude_nontradeable,False,2026-04-22,,index,norgate breadth/index
$SP1500FDPRTR,norgate,norgate_only_exclude_nontradeable,False,2026-04-22,,index,norgate breadth/index
$SP1500FDTR,norgate,norgate_only_exclude_nontradeable,False,2026-04-22,,index,norgate breadth/index
$SP1500FODW,norgate,norgate_only_exclude_nontradeable,False,2026-04-22,,index,norgate breadth/index
$SP1500FODWTR,norgate,norgate_only_exclude_nontradeable,False,2026-04-22,,index,norgate breadth/index
$SP1500FOOD,norgate,norgate_only_exclude_nontradeable,False,2026-04-22,,index,norgate breadth/index
$SP1500FOODTR,norgate,norgate_only_exclude_nontradeable,False,2026-04-22,,index,norgate breadth/index
$SP1500FRPD,norgate,norgate_only_exclude_nontradeable,False,2026-04-22,,index,norgate breadth/index
$SP1500FRPDTR,norgate,norgate_only_exclude_nontradeable,False,2026-04-22,,index,norgate breadth/index
$SP1500FTR,norgate,norgate_only_exclude_nontradeable,False,2026-04-22,,index,norgate breadth/index
$SP1500FURN,norgate,norgate_only_exclude_nontradeable,False,2026-04-22,,index,norgate breadth/index
$SP1500FURNTR,norgate,norgate_only_exclude_nontradeable,False,2026-04-22,,index,norgate breadth/index
$SP1500GAUT,norgate,norgate_only_exclude_nontradeable,False,2026-04-22,,index,norgate breadth/index
$SP1500GAUTTR,norgate,norgate_only_exclude_nontradeable,False,2026-04-22,,index,norgate breadth/index
$SP1500GOLD,norgate,norgate_only_exclude_nontradeable,False,2026-04-22,,index,norgate breadth/index
$SP1500GOLDTR,norgate,norgate_only_exclude_nontradeable,False,2026-04-22,,index,norgate breadth/index
$SP1500HC,norgate,norgate_only_exclude_nontradeable,False,2026-04-22,,index,norgate breadth/index
$SP1500HCEQ,norgate,norgate_only_exclude_nontradeable,False,2026-04-22,,index,norgate breadth/index
$SP1500HCEQTR,norgate,norgate_only_exclude_nontradeable,False,2026-04-22,,index,norgate breadth/index
$SP1500HCLT,norgate,norgate_only_exclude_nontradeable,False,2026-04-22,,index,norgate breadth/index
$SP1500HCLTTR,norgate,norgate_only_exclude_nontradeable,False,2026-04-22,,index,norgate breadth/index
$SP1500HCPS,norgate,norgate_only_exclude_nontradeable,False,2026-04-22,,index,norgate breadth/index
$SP1500HCPSTR,norgate,norgate_only_exclude_nontradeable,False,2026-04-22,,index,norgate breadth/index
$SP1500HCR,norgate,norgate_only_exclude_nontradeable,False,2026-04-22,,index,norgate breadth/index
$SP1500HCRTR,norgate,norgate_only_exclude_nontradeable,False,2026-04-22,,index,norgate breadth/index
$SP1500HCSP,norgate,norgate_only_exclude_nontradeable,False,2026-04-22,,index,norgate breadth/index
$SP1500HCSPTR,norgate,norgate_only_exclude_nontradeable,False,2026-04-22,,index,norgate breadth/index
$SP1500HCSS,norgate,norgate_only_exclude_nontradeable,False,2026-04-22,,index,norgate breadth/index
$SP1500HCSSTR,norgate,norgate_only_exclude_nontradeable,False,2026-04-22,,index,norgate breadth/index
$SP1500HCT,norgate,norgate_only_exclude_nontradeable,False,2026-04-22,,index,norgate breadth/index
$SP1500HCTC,norgate,norgate_only_exclude_nontradeable,False,2026-04-22,,index,norgate breadth/index
$SP1500HCTCTR,norgate,norgate_only_exclude_nontradeable,False,2026-04-22,,index,norgate breadth/index
$SP1500HCTR,norgate,norgate_only_exclude_nontradeable,False,2026-04-22,,index,norgate breadth/index
$SP1500HCTTR,norgate,norgate_only_exclude_nontradeable,False,2026-04-22,,index,norgate breadth/index
$SP1500HHD,norgate,norgate_only_exclude_nontradeable,False,2026-04-22,,index,norgate breadth/index
$SP1500HHDTR,norgate,norgate_only_exclude_nontradeable,False,2026-04-22,,index,norgate breadth/index
$SP1500HHPE,norgate,norgate_only_exclude_nontradeable,False,2026-04-22,,index,norgate breadth/index
$SP1500HHPETR,norgate,norgate_only_exclude_nontradeable,False,2026-04-22,,index,norgate breadth/index
$SP1500HMO,norgate,norgate_only_exclude_nontradeable,False,2026-04-22,,index,norgate breadth/index
$SP1500HMOTR,norgate,norgate_only_exclude_nontradeable,False,2026-04-22,,index,norgate breadth/index
$SP1500HMRT,norgate,norgate_only_exclude_nontradeable,False,2026-04-22,,index,norgate breadth/index
$SP1500HMRTTR,norgate,norgate_only_exclude_nontradeable,False,2026-04-22,,index,norgate breadth/index
$SP1500HOME,norgate,norgate_only_exclude_nontradeable,False,2026-04-22,,index,norgate breadth/index
$SP1500HOMETR,norgate,norgate_only_exclude_nontradeable,False,2026-04-22,,index,norgate breadth/index
$SP1500HOPR,norgate,norgate_only_exclude_nontradeable,False,2026-04-22,,index,norgate breadth/index
$SP1500HOPRTR,norgate,norgate_only_exclude_nontradeable,False,2026-04-22,,index,norgate breadth/index
$SP1500HOTL,norgate,norgate_only_exclude_nontradeable,False,2026-04-22,,index,norgate breadth/index
$SP1500HOTLTR,norgate,norgate_only_exclude_nontradeable,False,2026-04-22,,index,norgate breadth/index
$SP1500HR,norgate,norgate_only_exclude_nontradeable,False,2026-04-22,,index,norgate breadth/index
$SP1500HRE,norgate,norgate_only_exclude_nontradeable,False,2026-04-22,,index,norgate breadth/index
$SP1500HRES,norgate,norgate_only_exclude_nontradeable,False,2026-04-22,,index,norgate breadth/index
$SP1500HRESTR,norgate,norgate_only_exclude_nontradeable,False,2026-04-22,,index,norgate breadth/index
$SP1500HRETR,norgate,norgate_only_exclude_nontradeable,False,2026-04-22,,index,norgate breadth/index
$SP1500HRL,norgate,norgate_only_exclude_nontradeable,False,2026-04-22,,index,norgate breadth/index
$SP1500HRLTR,norgate,norgate_only_exclude_nontradeable,False,2026-04-22,,index,norgate breadth/index
$SP1500HRTR,norgate,norgate_only_exclude_nontradeable,False,2026-04-22,,index,norgate breadth/index
$SP1500HWAR,norgate,norgate_only_exclude_nontradeable,False,2026-04-22,,index,norgate breadth/index
$SP1500HWARTR,norgate,norgate_only_exclude_nontradeable,False,2026-04-22,,index,norgate breadth/index
$SP1500HYSC,norgate,norgate_only_exclude_nontradeable,False,2026-04-22,,index,norgate breadth/index
$SP1500HYSCTR,norgate,norgate_only_exclude_nontradeable,False,2026-04-22,,index,norgate breadth/index
$SP1500I,norgate,norgate_only_exclude_nontradeable,False,2026-04-22,,index,norgate breadth/index
$SP1500IC,norgate,norgate_only_exclude_nontradeable,False,2026-04-22,,index,norgate breadth/index
$SP1500ICON,norgate,norgate_only_exclude_nontradeable,False,2026-04-22,,index,norgate breadth/index
$SP1500ICONTR,norgate,norgate_only_exclude_nontradeable,False,2026-04-22,,index,norgate breadth/index
$SP1500ICTR,norgate,norgate_only_exclude_nontradeable,False,2026-04-22,,index,norgate breadth/index
$SP1500IMS,norgate,norgate_only_exclude_nontradeable,False,2026-04-22,,index,norgate breadth/index
$SP1500IMSE,norgate,norgate_only_exclude_nontradeable,False,2026-04-22,,index,norgate breadth/index
$SP1500IMSETR,norgate,norgate_only_exclude_nontradeable,False,2026-04-22,,index,norgate breadth/index
$SP1500IMSTR,norgate,norgate_only_exclude_nontradeable,False,2026-04-22,,index,norgate breadth/index
$SP1500INDM,norgate,norgate_only_exclude_nontradeable,False,2026-04-22,,index,norgate breadth/index
$SP1500INDMTR,norgate,norgate_only_exclude_nontradeable,False,2026-04-22,,index,norgate breadth/index
$SP1500INPC,norgate,norgate_only_exclude_nontradeable,False,2026-04-22,,index,norgate breadth/index
$SP1500INPCTR,norgate,norgate_only_exclude_nontradeable,False,2026-04-22,,index,norgate breadth/index
$SP1500INSC,norgate,norgate_only_exclude_nontradeable,False,2026-04-22,,index,norgate breadth/index
$SP1500INSCTR,norgate,norgate_only_exclude_nontradeable,False,2026-04-22,,index,norgate breadth/index
$SP1500INSE,norgate,norgate_only_exclude_nontradeable,False,2026-04-22,,index,norgate breadth/index
$SP1500INSETR,norgate,norgate_only_exclude_nontradeable,False,2026-04-22,,index,norgate breadth/index
$SP1500INSM,norgate,norgate_only_exclude_nontradeable,False,2026-04-22,,index,norgate breadth/index
$SP1500INSMTR,norgate,norgate_only_exclude_nontradeable,False,2026-04-22,,index,norgate breadth/index
$SP1500INSS,norgate,norgate_only_exclude_nontradeable,False,2026-04-22,,index,norgate breadth/index
$SP1500INSSTR,norgate,norgate_only_exclude_nontradeable,False,2026-04-22,,index,norgate breadth/index
$SP1500INSU,norgate,norgate_only_exclude_nontradeable,False,2026-04-22,,index,norgate breadth/index
$SP1500INSUTR,norgate,norgate_only_exclude_nontradeable,False,2026-04-22,,index,norgate breadth/index
$SP1500INVB,norgate,norgate_only_exclude_nontradeable,False,2026-04-22,,index,norgate breadth/index
$SP1500INVBTR,norgate,norgate_only_exclude_nontradeable,False,2026-04-22,,index,norgate breadth/index
$SP1500IRE,norgate,norgate_only_exclude_nontradeable,False,2026-04-22,,index,norgate breadth/index
$SP1500IRETR,norgate,norgate_only_exclude_nontradeable,False,2026-04-22,,index,norgate breadth/index
$SP1500IS,norgate,norgate_only_exclude_nontradeable,False,2026-04-22,,index,norgate breadth/index
$SP1500ISTR,norgate,norgate_only_exclude_nontradeable,False,2026-04-22,,index,norgate breadth/index
$SP1500ITCS,norgate,norgate_only_exclude_nontradeable,False,2026-04-22,,index,norgate breadth/index
$SP1500ITCSTR,norgate,norgate_only_exclude_nontradeable,False,2026-04-22,,index,norgate breadth/index
$SP1500ITR,norgate,norgate_only_exclude_nontradeable,False,2026-04-22,,index,norgate breadth/index
$SP1500L,norgate,norgate_only_exclude_nontradeable,False,2026-04-22,,index,norgate breadth/index
$SP1500LEP,norgate,norgate_only_exclude_nontradeable,False,2026-04-22,,index,norgate breadth/index
$SP1500LEPTR,norgate,norgate_only_exclude_nontradeable,False,2026-04-22,,index,norgate breadth/index
$SP1500LFA,norgate,norgate_only_exclude_nontradeable,False,2026-04-22,,index,norgate breadth/index
$SP1500LFATR,norgate,norgate_only_exclude_nontradeable,False,2026-04-22,,index,norgate breadth/index
$SP1500LIFE,norgate,norgate_only_exclude_nontradeable,False,2026-04-22,,index,norgate breadth/index
$SP1500LIFETR,norgate,norgate_only_exclude_nontradeable,False,2026-04-22,,index,norgate breadth/index
$SP1500LISCI,norgate,norgate_only_exclude_nontradeable,False,2026-04-22,,index,norgate breadth/index
$SP1500LISCITR,norgate,norgate_only_exclude_nontradeable,False,2026-04-22,,index,norgate breadth/index
$SP1500LP,norgate,norgate_only_exclude_nontradeable,False,2026-04-22,,index,norgate breadth/index
$SP1500LPTR,norgate,norgate_only_exclude_nontradeable,False,2026-04-22,,index,norgate breadth/index
$SP1500LSCI,norgate,norgate_only_exclude_nontradeable,False,2026-04-22,,index,norgate breadth/index
$SP1500LSCITR,norgate,norgate_only_exclude_nontradeable,False,2026-04-22,,index,norgate breadth/index
$SP1500LTR,norgate,norgate_only_exclude_nontradeable,False,2026-04-22,,index,norgate breadth/index
$SP1500M,norgate,norgate_only_exclude_nontradeable,False,2026-04-22,,index,norgate breadth/index
$SP1500MA,norgate,norgate_only_exclude_nontradeable,False,2026-04-22,,index,norgate breadth/index
$SP1500MAC,norgate,norgate_only_exclude_nontradeable,False,2026-04-22,,index,norgate breadth/index
$SP1500MACTR,norgate,norgate_only_exclude_nontradeable,False,2026-04-22,,index,norgate breadth/index
$SP1500MAND,norgate,norgate_only_exclude_nontradeable,False,2026-04-22,,index,norgate breadth/index
$SP1500MANDTR,norgate,norgate_only_exclude_nontradeable,False,2026-04-22,,index,norgate breadth/index
$SP1500MARN,norgate,norgate_only_exclude_nontradeable,False,2026-04-22,,index,norgate breadth/index
$SP1500MARNTR,norgate,norgate_only_exclude_nontradeable,False,2026-04-22,,index,norgate breadth/index
$SP1500MATR,norgate,norgate_only_exclude_nontradeable,False,2026-04-22,,index,norgate breadth/index
$SP1500MCHD,norgate,norgate_only_exclude_nontradeable,False,2026-04-22,,index,norgate breadth/index
$SP1500MCHDTR,norgate,norgate_only_exclude_nontradeable,False,2026-04-22,,index,norgate breadth/index
$SP1500MDIA,norgate,norgate_only_exclude_nontradeable,False,2026-04-22,,index,norgate breadth/index
$SP1500MDIATR,norgate,norgate_only_exclude_nontradeable,False,2026-04-22,,index,norgate breadth/index
$SP1500ME,norgate,norgate_only_exclude_nontradeable,False,2026-04-22,,index,norgate breadth/index
$SP1500MED,norgate,norgate_only_exclude_nontradeable,False,2026-04-22,,index,norgate breadth/index
$SP1500MEDA,norgate,norgate_only_exclude_nontradeable,False,2026-04-22,,index,norgate breadth/index
$SP1500MEDATR,norgate,norgate_only_exclude_nontradeable,False,2026-04-22,,index,norgate breadth/index
$SP1500MEDTR,norgate,norgate_only_exclude_nontradeable,False,2026-04-22,,index,norgate breadth/index
$SP1500METL,norgate,norgate_only_exclude_nontradeable,False,2026-04-22,,index,norgate breadth/index
$SP1500METLTR,norgate,norgate_only_exclude_nontradeable,False,2026-04-22,,index,norgate breadth/index
$SP1500METR,norgate,norgate_only_exclude_nontradeable,False,2026-04-22,,index,norgate breadth/index
$SP1500MFRR,norgate,norgate_only_exclude_nontradeable,False,2026-04-22,,index,norgate breadth/index
$SP1500MFRRTR,norgate,norgate_only_exclude_nontradeable,False,2026-04-22,,index,norgate breadth/index
$SP1500MMCO,norgate,norgate_only_exclude_nontradeable,False,2026-04-22,,index,norgate breadth/index
$SP1500MMCOTR,norgate,norgate_only_exclude_nontradeable,False,2026-04-22,,index,norgate breadth/index
$SP1500MORE,norgate,norgate_only_exclude_nontradeable,False,2026-04-22,,index,norgate breadth/index
$SP1500MORETR,norgate,norgate_only_exclude_nontradeable,False,2026-04-22,,index,norgate breadth/index
$SP1500MORS,norgate,norgate_only_exclude_nontradeable,False,2026-04-22,,index,norgate breadth/index
$SP1500MORSTR,norgate,norgate_only_exclude_nontradeable,False,2026-04-22,,index,norgate breadth/index
$SP1500MOTR,norgate,norgate_only_exclude_nontradeable,False,2026-04-22,,index,norgate breadth/index
$SP1500MOTRTR,norgate,norgate_only_exclude_nontradeable,False,2026-04-22,,index,norgate breadth/index
$SP1500MRIN,norgate,norgate_only_exclude_nontradeable,False,2026-04-22,,index,norgate breadth/index
$SP1500MRINTR,norgate,norgate_only_exclude_nontradeable,False,2026-04-22,,index,norgate breadth/index
$SP1500MS,norgate,norgate_only_exclude_nontradeable,False,2026-04-22,,index,norgate breadth/index
$SP1500MSTR,norgate,norgate_only_exclude_nontradeable,False,2026-04-22,,index,norgate breadth/index
$SP1500MSUT,norgate,norgate_only_exclude_nontradeable,False,2026-04-22,,index,norgate breadth/index
$SP1500MSUTTR,norgate,norgate_only_exclude_nontradeable,False,2026-04-22,,index,norgate breadth/index
$SP1500MTM,norgate,norgate_only_exclude_nontradeable,False,2026-04-22,,index,norgate breadth/index
$SP1500MTMTR,norgate,norgate_only_exclude_nontradeable,False,2026-04-22,,index,norgate breadth/index
$SP1500MTR,norgate,norgate_only_exclude_nontradeable,False,2026-04-22,,index,norgate breadth/index
$SP1500MULR,norgate,norgate_only_exclude_nontradeable,False,2026-04-22,,index,norgate breadth/index
$SP1500MULRTR,norgate,norgate_only_exclude_nontradeable,False,2026-04-22,,index,norgate breadth/index
$SP1500MUUT,norgate,norgate_only_exclude_nontradeable,False,2026-04-22,,index,norgate breadth/index
$SP1500MUUTTR,norgate,norgate_only_exclude_nontradeable,False,2026-04-22,,index,norgate breadth/index
$SP1500NGAS,norgate,norgate_only_exclude_nontradeable,False,2026-04-22,,index,norgate breadth/index
$SP1500NGASTR,norgate,norgate_only_exclude_nontradeable,False,2026-04-22,,index,norgate breadth/index
$SP1500ODFS,norgate,norgate_only_exclude_nontradeable,False,2026-04-22,,index,norgate breadth/index
$SP1500ODFSTR,norgate,norgate_only_exclude_nontradeable,False,2026-04-22,,index,norgate breadth/index
$SP1500OFFS,norgate,norgate_only_exclude_nontradeable,False,2026-04-22,,index,norgate breadth/index
$SP1500OFFSTR,norgate,norgate_only_exclude_nontradeable,False,2026-04-22,,index,norgate breadth/index
$SP1500OIG,norgate,norgate_only_exclude_nontradeable,False,2026-04-22,,index,norgate breadth/index
$SP1500OIGTR,norgate,norgate_only_exclude_nontradeable,False,2026-04-22,,index,norgate breadth/index
$SP1500OILD,norgate,norgate_only_exclude_nontradeable,False,2026-04-22,,index,norgate breadth/index
$SP1500OILDTR,norgate,norgate_only_exclude_nontradeable,False,2026-04-22,,index,norgate breadth/index
$SP1500OILI,norgate,norgate_only_exclude_nontradeable,False,2026-04-22,,index,norgate breadth/index
$SP1500OILITR,norgate,norgate_only_exclude_nontradeable,False,2026-04-22,,index,norgate breadth/index
$SP1500OILP,norgate,norgate_only_exclude_nontradeable,False,2026-04-22,,index,norgate breadth/index
$SP1500OILPTR,norgate,norgate_only_exclude_nontradeable,False,2026-04-22,,index,norgate breadth/index
$SP1500OILS,norgate,norgate_only_exclude_nontradeable,False,2026-04-22,,index,norgate breadth/index
$SP1500OILSTR,norgate,norgate_only_exclude_nontradeable,False,2026-04-22,,index,norgate breadth/index
$SP1500OILW,norgate,norgate_only_exclude_nontradeable,False,2026-04-22,,index,norgate breadth/index
$SP1500OILWTR,norgate,norgate_only_exclude_nontradeable,False,2026-04-22,,index,norgate breadth/index
$SP1500ORE,norgate,norgate_only_exclude_nontradeable,False,2026-04-22,,index,norgate breadth/index
$SP1500ORETR,norgate,norgate_only_exclude_nontradeable,False,2026-04-22,,index,norgate breadth/index
$SP1500PAPR,norgate,norgate_only_exclude_nontradeable,False,2026-04-22,,index,norgate breadth/index
$SP1500PAPRTR,norgate,norgate_only_exclude_nontradeable,False,2026-04-22,,index,norgate breadth/index
$SP1500PEPR,norgate,norgate_only_exclude_nontradeable,False,2026-04-22,,index,norgate breadth/index
$SP1500PEPRTR,norgate,norgate_only_exclude_nontradeable,False,2026-04-22,,index,norgate breadth/index
$SP1500PERS,norgate,norgate_only_exclude_nontradeable,False,2026-04-22,,index,norgate breadth/index
$SP1500PERSTR,norgate,norgate_only_exclude_nontradeable,False,2026-04-22,,index,norgate breadth/index
$SP1500PGTR,norgate,norgate_only_exclude_nontradeable,False,2026-04-22,,index,norgate breadth/index
$SP1500PGTRTR,norgate,norgate_only_exclude_nontradeable,False,2026-04-22,,index,norgate breadth/index
$SP1500PHB,norgate,norgate_only_exclude_nontradeable,False,2026-04-22,,index,norgate breadth/index
$SP1500PHBTR,norgate,norgate_only_exclude_nontradeable,False,2026-04-22,,index,norgate breadth/index
$SP1500PM,norgate,norgate_only_exclude_nontradeable,False,2026-04-22,,index,norgate breadth/index
$SP1500PMTR,norgate,norgate_only_exclude_nontradeable,False,2026-04-22,,index,norgate breadth/index
$SP1500PPE,norgate,norgate_only_exclude_nontradeable,False,2026-04-22,,index,norgate breadth/index
$SP1500PPET,norgate,norgate_only_exclude_nontradeable,False,2026-04-22,,index,norgate breadth/index
$SP1500PPETR,norgate,norgate_only_exclude_nontradeable,False,2026-04-22,,index,norgate breadth/index
$SP1500PPETTR,norgate,norgate_only_exclude_nontradeable,False,2026-04-22,,index,norgate breadth/index
$SP1500PPIN,norgate,norgate_only_exclude_nontradeable,False,2026-04-22,,index,norgate breadth/index
$SP1500PPINTR,norgate,norgate_only_exclude_nontradeable,False,2026-04-22,,index,norgate breadth/index
$SP1500PRNT,norgate,norgate_only_exclude_nontradeable,False,2026-04-22,,index,norgate breadth/index
$SP1500PRNTTR,norgate,norgate_only_exclude_nontradeable,False,2026-04-22,,index,norgate breadth/index
$SP1500PROD,norgate,norgate_only_exclude_nontradeable,False,2026-04-22,,index,norgate breadth/index
$SP1500PRODTR,norgate,norgate_only_exclude_nontradeable,False,2026-04-22,,index,norgate breadth/index
$SP1500PROP,norgate,norgate_only_exclude_nontradeable,False,2026-04-22,,index,norgate breadth/index
$SP1500PROPTR,norgate,norgate_only_exclude_nontradeable,False,2026-04-22,,index,norgate breadth/index
$SP1500PS,norgate,norgate_only_exclude_nontradeable,False,2026-04-22,,index,norgate breadth/index
$SP1500PSTR,norgate,norgate_only_exclude_nontradeable,False,2026-04-22,,index,norgate breadth/index
$SP1500PUBL,norgate,norgate_only_exclude_nontradeable,False,2026-04-22,,index,norgate breadth/index
$SP1500PUBLTR,norgate,norgate_only_exclude_nontradeable,False,2026-04-22,,index,norgate breadth/index
$SP1500R,norgate,norgate_only_exclude_nontradeable,False,2026-04-22,,index,norgate breadth/index
$SP1500RAIL,norgate,norgate_only_exclude_nontradeable,False,2026-04-22,,index,norgate breadth/index
$SP1500RAILTR,norgate,norgate_only_exclude_nontradeable,False,2026-04-22,,index,norgate breadth/index
$SP1500RAR,norgate,norgate_only_exclude_nontradeable,False,2026-04-22,,index,norgate breadth/index
$SP1500RARTR,norgate,norgate_only_exclude_nontradeable,False,2026-04-22,,index,norgate breadth/index
$SP1500RBNK,norgate,norgate_only_exclude_nontradeable,False,2026-04-22,,index,norgate breadth/index
$SP1500RBNKTR,norgate,norgate_only_exclude_nontradeable,False,2026-04-22,,index,norgate breadth/index
$SP1500RCSR,norgate,norgate_only_exclude_nontradeable,False,2026-04-22,,index,norgate breadth/index
$SP1500RCSRTR,norgate,norgate_only_exclude_nontradeable,False,2026-04-22,,index,norgate breadth/index
$SP1500REC,norgate,norgate_only_exclude_nontradeable,False,2026-04-22,,index,norgate breadth/index
$SP1500RECTR,norgate,norgate_only_exclude_nontradeable,False,2026-04-22,,index,norgate breadth/index
$SP1500REHC,norgate,norgate_only_exclude_nontradeable,False,2026-04-22,,index,norgate breadth/index
$SP1500REHCTR,norgate,norgate_only_exclude_nontradeable,False,2026-04-22,,index,norgate breadth/index
$SP1500REHO,norgate,norgate_only_exclude_nontradeable,False,2026-04-22,,index,norgate breadth/index
$SP1500REHOTR,norgate,norgate_only_exclude_nontradeable,False,2026-04-22,,index,norgate breadth/index
$SP1500REID,norgate,norgate_only_exclude_nontradeable,False,2026-04-22,,index,norgate breadth/index
$SP1500REIDTR,norgate,norgate_only_exclude_nontradeable,False,2026-04-22,,index,norgate breadth/index
$SP1500REII,norgate,norgate_only_exclude_nontradeable,False,2026-04-22,,index,norgate breadth/index
$SP1500REIITR,norgate,norgate_only_exclude_nontradeable,False,2026-04-22,,index,norgate breadth/index
$SP1500REIN,norgate,norgate_only_exclude_nontradeable,False,2026-04-22,,index,norgate breadth/index
$SP1500REINTR,norgate,norgate_only_exclude_nontradeable,False,2026-04-22,,index,norgate breadth/index
$SP1500REIO,norgate,norgate_only_exclude_nontradeable,False,2026-04-22,,index,norgate breadth/index
$SP1500REIOTR,norgate,norgate_only_exclude_nontradeable,False,2026-04-22,,index,norgate breadth/index
$SP1500REITS,norgate,norgate_only_exclude_nontradeable,False,2026-04-22,,index,norgate breadth/index
$SP1500REITSTR,norgate,norgate_only_exclude_nontradeable,False,2026-04-22,,index,norgate breadth/index
$SP1500REMG,norgate,norgate_only_exclude_nontradeable,False,2026-04-22,,index,norgate breadth/index
$SP1500REMGTR,norgate,norgate_only_exclude_nontradeable,False,2026-04-22,,index,norgate breadth/index
$SP1500REOC,norgate,norgate_only_exclude_nontradeable,False,2026-04-22,,index,norgate breadth/index
$SP1500REOCTR,norgate,norgate_only_exclude_nontradeable,False,2026-04-22,,index,norgate breadth/index
$SP1500RER,norgate,norgate_only_exclude_nontradeable,False,2026-04-22,,index,norgate breadth/index
$SP1500RERD,norgate,norgate_only_exclude_nontradeable,False,2026-04-22,,index,norgate breadth/index
$SP1500RERDTR,norgate,norgate_only_exclude_nontradeable,False,2026-04-22,,index,norgate breadth/index
$SP1500RERTR,norgate,norgate_only_exclude_nontradeable,False,2026-04-22,,index,norgate breadth/index
$SP1500RESP,norgate,norgate_only_exclude_nontradeable,False,2026-04-22,,index,norgate breadth/index
$SP1500RESPTR,norgate,norgate_only_exclude_nontradeable,False,2026-04-22,,index,norgate breadth/index
$SP1500RESR,norgate,norgate_only_exclude_nontradeable,False,2026-04-22,,index,norgate breadth/index
$SP1500RESRTR,norgate,norgate_only_exclude_nontradeable,False,2026-04-22,,index,norgate breadth/index
$SP1500REST,norgate,norgate_only_exclude_nontradeable,False,2026-04-22,,index,norgate breadth/index
$SP1500RESTTR,norgate,norgate_only_exclude_nontradeable,False,2026-04-22,,index,norgate breadth/index
$SP1500RETA,norgate,norgate_only_exclude_nontradeable,False,2026-04-22,,index,norgate breadth/index
$SP1500RETATR,norgate,norgate_only_exclude_nontradeable,False,2026-04-22,,index,norgate breadth/index
$SP1500RETF,norgate,norgate_only_exclude_nontradeable,False,2026-04-22,,index,norgate breadth/index
$SP1500RETFTR,norgate,norgate_only_exclude_nontradeable,False,2026-04-22,,index,norgate breadth/index
$SP1500RETS,norgate,norgate_only_exclude_nontradeable,False,2026-04-22,,index,norgate breadth/index
$SP1500RETSTR,norgate,norgate_only_exclude_nontradeable,False,2026-04-22,,index,norgate breadth/index
$SP1500RM,norgate,norgate_only_exclude_nontradeable,False,2026-04-22,,index,norgate breadth/index
$SP1500RMTR,norgate,norgate_only_exclude_nontradeable,False,2026-04-22,,index,norgate breadth/index
$SP1500RNEL,norgate,norgate_only_exclude_nontradeable,False,2026-04-22,,index,norgate breadth/index
$SP1500RNELTR,norgate,norgate_only_exclude_nontradeable,False,2026-04-22,,index,norgate breadth/index
$SP1500RRE,norgate,norgate_only_exclude_nontradeable,False,2026-04-22,,index,norgate breadth/index
$SP1500RRETR,norgate,norgate_only_exclude_nontradeable,False,2026-04-22,,index,norgate breadth/index
$SP1500RTR,norgate,norgate_only_exclude_nontradeable,False,2026-04-22,,index,norgate breadth/index
$SP1500S,norgate,norgate_only_exclude_nontradeable,False,2026-04-22,,index,norgate breadth/index
$SP1500SASR,norgate,norgate_only_exclude_nontradeable,False,2026-04-22,,index,norgate breadth/index
$SP1500SASRTR,norgate,norgate_only_exclude_nontradeable,False,2026-04-22,,index,norgate breadth/index
$SP1500SCSV,norgate,norgate_only_exclude_nontradeable,False,2026-04-22,,index,norgate breadth/index
$SP1500SCSVTR,norgate,norgate_only_exclude_nontradeable,False,2026-04-22,,index,norgate breadth/index
$SP1500SE,norgate,norgate_only_exclude_nontradeable,False,2026-04-22,,index,norgate breadth/index
$SP1500SEQP,norgate,norgate_only_exclude_nontradeable,False,2026-04-22,,index,norgate breadth/index
$SP1500SEQPTR,norgate,norgate_only_exclude_nontradeable,False,2026-04-22,,index,norgate breadth/index
$SP1500SETR,norgate,norgate_only_exclude_nontradeable,False,2026-04-22,,index,norgate breadth/index
$SP1500SFRR,norgate,norgate_only_exclude_nontradeable,False,2026-04-22,,index,norgate breadth/index
$SP1500SFRRTR,norgate,norgate_only_exclude_nontradeable,False,2026-04-22,,index,norgate breadth/index
$SP1500SHOE,norgate,norgate_only_exclude_nontradeable,False,2026-04-22,,index,norgate breadth/index
$SP1500SHOETR,norgate,norgate_only_exclude_nontradeable,False,2026-04-22,,index,norgate breadth/index
$SP1500SOFW,norgate,norgate_only_exclude_nontradeable,False,2026-04-22,,index,norgate breadth/index
$SP1500SOFWTR,norgate,norgate_only_exclude_nontradeable,False,2026-04-22,,index,norgate breadth/index
$SP1500SPR,norgate,norgate_only_exclude_nontradeable,False,2026-04-22,,index,norgate breadth/index
$SP1500SPRTR,norgate,norgate_only_exclude_nontradeable,False,2026-04-22,,index,norgate breadth/index
$SP1500SRE,norgate,norgate_only_exclude_nontradeable,False,2026-04-22,,index,norgate breadth/index
$SP1500SRETR,norgate,norgate_only_exclude_nontradeable,False,2026-04-22,,index,norgate breadth/index
$SP1500SSRE,norgate,norgate_only_exclude_nontradeable,False,2026-04-22,,index,norgate breadth/index
$SP1500SSRETR,norgate,norgate_only_exclude_nontradeable,False,2026-04-22,,index,norgate breadth/index
$SP1500STEEL,norgate,norgate_only_exclude_nontradeable,False,2026-04-22,,index,norgate breadth/index
$SP1500STEELTR,norgate,norgate_only_exclude_nontradeable,False,2026-04-22,,index,norgate breadth/index
$SP1500STR,norgate,norgate_only_exclude_nontradeable,False,2026-04-22,,index,norgate breadth/index
$SP1500SYSF,norgate,norgate_only_exclude_nontradeable,False,2026-04-22,,index,norgate breadth/index
$SP1500SYSFTR,norgate,norgate_only_exclude_nontradeable,False,2026-04-22,,index,norgate breadth/index
$SP1500T,norgate,norgate_only_exclude_nontradeable,False,2026-04-22,,index,norgate breadth/index
$SP1500TDIS,norgate,norgate_only_exclude_nontradeable,False,2026-04-22,,index,norgate breadth/index
$SP1500TDISTR,norgate,norgate_only_exclude_nontradeable,False,2026-04-22,,index,norgate breadth/index
$SP1500TEHW,norgate,norgate_only_exclude_nontradeable,False,2026-04-22,,index,norgate breadth/index
$SP1500TEHWTR,norgate,norgate_only_exclude_nontradeable,False,2026-04-22,,index,norgate breadth/index
$SP1500TELP,norgate,norgate_only_exclude_nontradeable,False,2026-04-22,,index,norgate breadth/index
$SP1500TELPTR,norgate,norgate_only_exclude_nontradeable,False,2026-04-22,,index,norgate breadth/index
$SP1500TEX,norgate,norgate_only_exclude_nontradeable,False,2026-04-22,,index,norgate breadth/index
$SP1500TEXT,norgate,norgate_only_exclude_nontradeable,False,2026-04-22,,index,norgate breadth/index
$SP1500TEXTR,norgate,norgate_only_exclude_nontradeable,False,2026-04-22,,index,norgate breadth/index
$SP1500TEXTTR,norgate,norgate_only_exclude_nontradeable,False,2026-04-22,,index,norgate breadth/index
$SP1500THSP,norgate,norgate_only_exclude_nontradeable,False,2026-04-22,,index,norgate breadth/index
$SP1500THSPTR,norgate,norgate_only_exclude_nontradeable,False,2026-04-22,,index,norgate breadth/index
$SP1500TIRE,norgate,norgate_only_exclude_nontradeable,False,2026-04-22,,index,norgate breadth/index
$SP1500TIRETR,norgate,norgate_only_exclude_nontradeable,False,2026-04-22,,index,norgate breadth/index
$SP1500TKBI,norgate,norgate_only_exclude_nontradeable,False,2026-04-22,,index,norgate breadth/index
$SP1500TKBITR,norgate,norgate_only_exclude_nontradeable,False,2026-04-22,,index,norgate breadth/index
$SP1500TKCD,norgate,norgate_only_exclude_nontradeable,False,2026-04-22,,index,norgate breadth/index
$SP1500TKCDTR,norgate,norgate_only_exclude_nontradeable,False,2026-04-22,,index,norgate breadth/index
$SP1500TKCS,norgate,norgate_only_exclude_nontradeable,False,2026-04-22,,index,norgate breadth/index
$SP1500TKCSTR,norgate,norgate_only_exclude_nontradeable,False,2026-04-22,,index,norgate breadth/index
$SP1500TKDP,norgate,norgate_only_exclude_nontradeable,False,2026-04-22,,index,norgate breadth/index
$SP1500TKDPTR,norgate,norgate_only_exclude_nontradeable,False,2026-04-22,,index,norgate breadth/index
$SP1500TKSM,norgate,norgate_only_exclude_nontradeable,False,2026-04-22,,index,norgate breadth/index
$SP1500TKSMTR,norgate,norgate_only_exclude_nontradeable,False,2026-04-22,,index,norgate breadth/index
$SP1500TMRE,norgate,norgate_only_exclude_nontradeable,False,2026-04-22,,index,norgate breadth/index
$SP1500TMRETR,norgate,norgate_only_exclude_nontradeable,False,2026-04-22,,index,norgate breadth/index
$SP1500TOBA,norgate,norgate_only_exclude_nontradeable,False,2026-04-22,,index,norgate breadth/index
$SP1500TOBATR,norgate,norgate_only_exclude_nontradeable,False,2026-04-22,,index,norgate breadth/index
$SP1500TOBC,norgate,norgate_only_exclude_nontradeable,False,2026-04-22,,index,norgate breadth/index
$SP1500TOBCTR,norgate,norgate_only_exclude_nontradeable,False,2026-04-22,,index,norgate breadth/index
$SP1500TOYS,norgate,norgate_only_exclude_nontradeable,False,2026-04-22,,index,norgate breadth/index
$SP1500TOYSTR,norgate,norgate_only_exclude_nontradeable,False,2026-04-22,,index,norgate breadth/index
$SP1500TPPS,norgate,norgate_only_exclude_nontradeable,False,2026-04-22,,index,norgate breadth/index
$SP1500TPPSTR,norgate,norgate_only_exclude_nontradeable,False,2026-04-22,,index,norgate breadth/index
$SP1500TR,norgate,norgate_only_exclude_nontradeable,False,2026-04-22,,index,norgate breadth/index
$SP1500TRA,norgate,norgate_only_exclude_nontradeable,False,2026-04-22,,index,norgate breadth/index
$SP1500TRATR,norgate,norgate_only_exclude_nontradeable,False,2026-04-22,,index,norgate breadth/index
$SP1500TRN,norgate,norgate_only_exclude_nontradeable,False,2026-04-22,,index,norgate breadth/index
$SP1500TRNM,norgate,norgate_only_exclude_nontradeable,False,2026-04-22,,index,norgate breadth/index
$SP1500TRNMTR,norgate,norgate_only_exclude_nontradeable,False,2026-04-22,,index,norgate breadth/index
$SP1500TRNTR,norgate,norgate_only_exclude_nontradeable,False,2026-04-22,,index,norgate breadth/index
$SP1500TS,norgate,norgate_only_exclude_nontradeable,False,2026-04-22,,index,norgate breadth/index
$SP1500TSTR,norgate,norgate_only_exclude_nontradeable,False,2026-04-22,,index,norgate breadth/index
$SP1500TTR,norgate,norgate_only_exclude_nontradeable,False,2026-04-22,,index,norgate breadth/index
$SP1500TTRE,norgate,norgate_only_exclude_nontradeable,False,2026-04-22,,index,norgate breadth/index
$SP1500TTRETR,norgate,norgate_only_exclude_nontradeable,False,2026-04-22,,index,norgate breadth/index
$SP1500U,norgate,norgate_only_exclude_nontradeable,False,2026-04-22,,index,norgate breadth/index
$SP1500UL,norgate,norgate_only_exclude_nontradeable,False,2026-04-22,,index,norgate breadth/index
$SP1500ULTR,norgate,norgate_only_exclude_nontradeable,False,2026-04-22,,index,norgate breadth/index
$SP1500UTR,norgate,norgate_only_exclude_nontradeable,False,2026-04-22,,index,norgate breadth/index
$SP1500WTES,norgate,norgate_only_exclude_nontradeable,False,2026-04-22,,index,norgate breadth/index
$SP1500WTESTR,norgate,norgate_only_exclude_nontradeable,False,2026-04-22,,index,norgate breadth/index
$SP1500WTR,norgate,norgate_only_exclude_nontradeable,False,2026-04-22,,index,norgate breadth/index
$SP1500WTRTR,norgate,norgate_only_exclude_nontradeable,False,2026-04-22,,index,norgate breadth/index
$SP1500WUT,norgate,norgate_only_exclude_nontradeable,False,2026-04-22,,index,norgate breadth/index
$SP1500WUTTR,norgate,norgate_only_exclude_nontradeable,False,2026-04-22,,index,norgate breadth/index
$SP5HBI,norgate,norgate_only_exclude_nontradeable,False,2026-04-22,,index,norgate breadth/index
$SP5HBIT,norgate,norgate_only_exclude_nontradeable,False,2026-04-22,,index,norgate breadth/index
$SP5LVHD,norgate,norgate_only_exclude_nontradeable,False,2026-04-22,,index,norgate breadth/index
$SP5LVHDT,norgate,norgate_only_exclude_nontradeable,False,2026-04-22,,index,norgate breadth/index
$SP5LVI,norgate,norgate_only_exclude_nontradeable,False,2026-04-22,,index,norgate breadth/index
$SP5LVIT,norgate,norgate_only_exclude_nontradeable,False,2026-04-22,,index,norgate breadth/index
$SP900,norgate,norgate_only_exclude_nontradeable,False,2026-04-22,,index,norgate breadth/index
$SP900TR,norgate,norgate_only_exclude_nontradeable,False,2026-04-22,,index,norgate breadth/index
$SPBIO,norgate,norgate_only_exclude_nontradeable,False,2026-04-22,,index,norgate breadth/index
$SPBUYUP,norgate,norgate_only_exclude_nontradeable,False,2026-04-22,,index,norgate breadth/index
$SPBUYUT,norgate,norgate_only_exclude_nontradeable,False,2026-04-22,,index,norgate breadth/index
$SPCG,norgate,norgate_only_exclude_nontradeable,False,2026-04-22,,index,norgate breadth/index
$SPCGTR,norgate,norgate_only_exclude_nontradeable,False,2026-04-22,,index,norgate breadth/index
$SPCMI,norgate,norgate_only_exclude_nontradeable,False,2026-04-22,,index,norgate breadth/index
$SPCPG,norgate,norgate_only_exclude_nontradeable,False,2026-04-22,,index,norgate breadth/index
$SPCPGTR,norgate,norgate_only_exclude_nontradeable,False,2026-04-22,,index,norgate breadth/index
$SPCPV,norgate,norgate_only_exclude_nontradeable,False,2026-04-22,,index,norgate breadth/index
$SPCPVTR,norgate,norgate_only_exclude_nontradeable,False,2026-04-22,,index,norgate breadth/index
$SPCV,norgate,norgate_only_exclude_nontradeable,False,2026-04-22,,index,norgate breadth/index
$SPCVTR,norgate,norgate_only_exclude_nontradeable,False,2026-04-22,,index,norgate breadth/index
$SPDAUDP,norgate,norgate_only_exclude_nontradeable,False,2026-04-22,,index,norgate breadth/index
$SPDAUDTR,norgate,norgate_only_exclude_nontradeable,False,2026-04-22,,index,norgate breadth/index
$SPESG,norgate,norgate_only_exclude_nontradeable,False,2026-04-22,,index,norgate breadth/index
$SPESGTR,norgate,norgate_only_exclude_nontradeable,False,2026-04-22,,index,norgate breadth/index
$SPGSSINR,norgate,norgate_only_exclude_nontradeable,False,2026-04-22,,index,norgate breadth/index
$SPGSTI,norgate,norgate_only_exclude_nontradeable,False,2026-04-22,,index,norgate breadth/index
$SPGSTIIP,norgate,norgate_only_exclude_nontradeable,False,2026-04-22,,index,norgate breadth/index
$SPGSTISO,norgate,norgate_only_exclude_nontradeable,False,2026-04-22,,index,norgate breadth/index
$SPHOME,norgate,norgate_only_exclude_nontradeable,False,2026-04-22,,index,norgate breadth/index
$SPHYDA,norgate,norgate_only_exclude_nontradeable,False,2026-04-22,,index,norgate breadth/index
$SPHYDATR,norgate,norgate_only_exclude_nontradeable,False,2026-04-22,,index,norgate breadth/index
$SPIV,norgate,norgate_only_exclude_nontradeable,False,2026-04-22,,index,norgate breadth/index
$SPMGTR,norgate,norgate_only_exclude_nontradeable,False,2026-04-22,,index,norgate breadth/index
$SPMLP,norgate,norgate_only_exclude_nontradeable,False,2026-04-22,,index,norgate breadth/index
$SPMLPT,norgate,norgate_only_exclude_nontradeable,False,2026-04-22,,index,norgate breadth/index
$SPMPG,norgate,norgate_only_exclude_nontradeable,False,2026-04-22,,index,norgate breadth/index
$SPMPGTR,norgate,norgate_only_exclude_nontradeable,False,2026-04-22,,index,norgate breadth/index
$SPMPV,norgate,norgate_only_exclude_nontradeable,False,2026-04-22,,index,norgate breadth/index
$SPMPVTR,norgate,norgate_only_exclude_nontradeable,False,2026-04-22,,index,norgate breadth/index
$SPMVTR,norgate,norgate_only_exclude_nontradeable,False,2026-04-22,,index,norgate breadth/index
$SPPREF,norgate,norgate_only_exclude_nontradeable,False,2026-04-22,,index,norgate breadth/index
$SPPREFTR,norgate,norgate_only_exclude_nontradeable,False,2026-04-22,,index,norgate breadth/index
$SPRESUP,norgate,norgate_only_exclude_nontradeable,False,2026-04-22,,index,norgate breadth/index
$SPRESUT,norgate,norgate_only_exclude_nontradeable,False,2026-04-22,,index,norgate breadth/index
$SPSEMI,norgate,norgate_only_exclude_nontradeable,False,2026-04-22,,index,norgate breadth/index
$SPSGTR,norgate,norgate_only_exclude_nontradeable,False,2026-04-22,,index,norgate breadth/index
$SPSIAD,norgate,norgate_only_exclude_nontradeable,False,2026-04-22,,index,norgate breadth/index
$SPSIBK,norgate,norgate_only_exclude_nontradeable,False,2026-04-22,,index,norgate breadth/index
$SPSICH,norgate,norgate_only_exclude_nontradeable,False,2026-04-22,,index,norgate breadth/index
$SPSICM,norgate,norgate_only_exclude_nontradeable,False,2026-04-22,,index,norgate breadth/index
$SPSIFB,norgate,norgate_only_exclude_nontradeable,False,2026-04-22,,index,norgate breadth/index
$SPSIHE,norgate,norgate_only_exclude_nontradeable,False,2026-04-22,,index,norgate breadth/index
$SPSIHP,norgate,norgate_only_exclude_nontradeable,False,2026-04-22,,index,norgate breadth/index
$SPSIIN,norgate,norgate_only_exclude_nontradeable,False,2026-04-22,,index,norgate breadth/index
$SPSIINS,norgate,norgate_only_exclude_nontradeable,False,2026-04-22,,index,norgate breadth/index
$SPSIMM,norgate,norgate_only_exclude_nontradeable,False,2026-04-22,,index,norgate breadth/index
$SPSIOP,norgate,norgate_only_exclude_nontradeable,False,2026-04-22,,index,norgate breadth/index
$SPSIOS,norgate,norgate_only_exclude_nontradeable,False,2026-04-22,,index,norgate breadth/index
$SPSIPH,norgate,norgate_only_exclude_nontradeable,False,2026-04-22,,index,norgate breadth/index
$SPSIRBK,norgate,norgate_only_exclude_nontradeable,False,2026-04-22,,index,norgate breadth/index
$SPSIRE,norgate,norgate_only_exclude_nontradeable,False,2026-04-22,,index,norgate breadth/index
$SPSISS,norgate,norgate_only_exclude_nontradeable,False,2026-04-22,,index,norgate breadth/index
$SPSITE,norgate,norgate_only_exclude_nontradeable,False,2026-04-22,,index,norgate breadth/index
$SPSITN,norgate,norgate_only_exclude_nontradeable,False,2026-04-22,,index,norgate breadth/index
$SPSPG,norgate,norgate_only_exclude_nontradeable,False,2026-04-22,,index,norgate breadth/index
$SPSPGTR,norgate,norgate_only_exclude_nontradeable,False,2026-04-22,,index,norgate breadth/index
$SPSPV,norgate,norgate_only_exclude_nontradeable,False,2026-04-22,,index,norgate breadth/index
$SPSPVTR,norgate,norgate_only_exclude_nontradeable,False,2026-04-22,,index,norgate breadth/index
$SPSVTR,norgate,norgate_only_exclude_nontradeable,False,2026-04-22,,index,norgate breadth/index
$SPTMI,norgate,norgate_only_exclude_nontradeable,False,2026-04-22,,index,norgate breadth/index
$SPX,norgate,norgate_only_exclude_nontradeable,True,2026-04-22,,index,norgate breadth/index
$SPXA,norgate,norgate_only_exclude_nontradeable,False,2026-04-22,,index,norgate breadth/index
$SPXAC,norgate,norgate_only_exclude_nontradeable,False,2026-04-22,,index,norgate breadth/index
$SPXAED,norgate,norgate_only_exclude_nontradeable,False,2026-04-22,,index,norgate breadth/index
$SPXAERO,norgate,norgate_only_exclude_nontradeable,False,2026-04-22,,index,norgate breadth/index
$SPXAGFM,norgate,norgate_only_exclude_nontradeable,False,2026-04-22,,index,norgate breadth/index
$SPXAIR,norgate,norgate_only_exclude_nontradeable,False,2026-04-22,,index,norgate breadth/index
$SPXALI,norgate,norgate_only_exclude_nontradeable,False,2026-04-22,,index,norgate breadth/index
$SPXAMCB,norgate,norgate_only_exclude_nontradeable,False,2026-04-22,,index,norgate breadth/index
$SPXATR,norgate,norgate_only_exclude_nontradeable,False,2026-04-22,,index,norgate breadth/index
$SPXAU,norgate,norgate_only_exclude_nontradeable,False,2026-04-22,,index,norgate breadth/index
$SPXAUC,norgate,norgate_only_exclude_nontradeable,False,2026-04-22,,index,norgate breadth/index
$SPXAUTM,norgate,norgate_only_exclude_nontradeable,False,2026-04-22,,index,norgate breadth/index
$SPXAUTO,norgate,norgate_only_exclude_nontradeable,False,2026-04-22,,index,norgate breadth/index
$SPXAUTP,norgate,norgate_only_exclude_nontradeable,False,2026-04-22,,index,norgate breadth/index
$SPXAUTR,norgate,norgate_only_exclude_nontradeable,False,2026-04-22,,index,norgate breadth/index
$SPXBEVA,norgate,norgate_only_exclude_nontradeable,False,2026-04-22,,index,norgate breadth/index
$SPXBEVS,norgate,norgate_only_exclude_nontradeable,False,2026-04-22,,index,norgate breadth/index
$SPXBIOT,norgate,norgate_only_exclude_nontradeable,False,2026-04-22,,index,norgate breadth/index
$SPXBK,norgate,norgate_only_exclude_nontradeable,False,2026-04-22,,index,norgate breadth/index
$SPXBKS,norgate,norgate_only_exclude_nontradeable,False,2026-04-22,,index,norgate breadth/index
$SPXBMAG,norgate,norgate_only_exclude_nontradeable,False,2026-04-22,,index,norgate breadth/index
$SPXBNKS,norgate,norgate_only_exclude_nontradeable,False,2026-04-22,,index,norgate breadth/index
$SPXBRET,norgate,norgate_only_exclude_nontradeable,False,2026-04-22,,index,norgate breadth/index
$SPXBUI,norgate,norgate_only_exclude_nontradeable,False,2026-04-22,,index,norgate breadth/index
$SPXBULD,norgate,norgate_only_exclude_nontradeable,False,2026-04-22,,index,norgate breadth/index
$SPXBVGS,norgate,norgate_only_exclude_nontradeable,False,2026-04-22,,index,norgate breadth/index
$SPXCARD,norgate,norgate_only_exclude_nontradeable,False,2026-04-22,,index,norgate breadth/index
$SPXCARE,norgate,norgate_only_exclude_nontradeable,False,2026-04-22,,index,norgate breadth/index
$SPXCARG,norgate,norgate_only_exclude_nontradeable,False,2026-04-22,,index,norgate breadth/index
$SPXCBSA,norgate,norgate_only_exclude_nontradeable,False,2026-04-22,,index,norgate breadth/index
$SPXCCAM,norgate,norgate_only_exclude_nontradeable,False,2026-04-22,,index,norgate breadth/index
$SPXCCCE,norgate,norgate_only_exclude_nontradeable,False,2026-04-22,,index,norgate breadth/index
$SPXCCGL,norgate,norgate_only_exclude_nontradeable,False,2026-04-22,,index,norgate breadth/index
$SPXCCRS,norgate,norgate_only_exclude_nontradeable,False,2026-04-22,,index,norgate breadth/index
$SPXCEMT,norgate,norgate_only_exclude_nontradeable,False,2026-04-22,,index,norgate breadth/index
$SPXCFI,norgate,norgate_only_exclude_nontradeable,False,2026-04-22,,index,norgate breadth/index
$SPXCGTR,norgate,norgate_only_exclude_nontradeable,False,2026-04-22,,index,norgate breadth/index
$SPXCHCC,norgate,norgate_only_exclude_nontradeable,False,2026-04-22,,index,norgate breadth/index
$SPXCHEM,norgate,norgate_only_exclude_nontradeable,False,2026-04-22,,index,norgate breadth/index
$SPXCHFA,norgate,norgate_only_exclude_nontradeable,False,2026-04-22,,index,norgate breadth/index
$SPXCHMC,norgate,norgate_only_exclude_nontradeable,False,2026-04-22,,index,norgate breadth/index
$SPXCMFE,norgate,norgate_only_exclude_nontradeable,False,2026-04-22,,index,norgate breadth/index
$SPXCMK,norgate,norgate_only_exclude_nontradeable,False,2026-04-22,,index,norgate breadth/index
$SPXCMSF,norgate,norgate_only_exclude_nontradeable,False,2026-04-22,,index,norgate breadth/index
$SPXCNEL,norgate,norgate_only_exclude_nontradeable,False,2026-04-22,,index,norgate breadth/index
$SPXCOEQ,norgate,norgate_only_exclude_nontradeable,False,2026-04-22,,index,norgate breadth/index
$SPXCOM,norgate,norgate_only_exclude_nontradeable,False,2026-04-22,,index,norgate breadth/index
$SPXCOMM,norgate,norgate_only_exclude_nontradeable,False,2026-04-22,,index,norgate breadth/index
$SPXCOMS,norgate,norgate_only_exclude_nontradeable,False,2026-04-22,,index,norgate breadth/index
$SPXCONM,norgate,norgate_only_exclude_nontradeable,False,2026-04-22,,index,norgate breadth/index
$SPXCONP,norgate,norgate_only_exclude_nontradeable,False,2026-04-22,,index,norgate breadth/index
$SPXCONT,norgate,norgate_only_exclude_nontradeable,False,2026-04-22,,index,norgate breadth/index
$SPXCOP,norgate,norgate_only_exclude_nontradeable,False,2026-04-22,,index,norgate breadth/index
$SPXCOPE,norgate,norgate_only_exclude_nontradeable,False,2026-04-22,,index,norgate breadth/index
$SPXCS,norgate,norgate_only_exclude_nontradeable,False,2026-04-22,,index,norgate breadth/index
$SPXCSE,norgate,norgate_only_exclude_nontradeable,False,2026-04-22,,index,norgate breadth/index
$SPXCSS,norgate,norgate_only_exclude_nontradeable,False,2026-04-22,,index,norgate breadth/index
$SPXD,norgate,norgate_only_exclude_nontradeable,False,2026-04-22,,index,norgate breadth/index
$SPXDCRE,norgate,norgate_only_exclude_nontradeable,False,2026-04-22,,index,norgate breadth/index
$SPXDF,norgate,norgate_only_exclude_nontradeable,False,2026-04-22,,index,norgate breadth/index
$SPXDIFN,norgate,norgate_only_exclude_nontradeable,False,2026-04-22,,index,norgate breadth/index
$SPXDIST,norgate,norgate_only_exclude_nontradeable,False,2026-04-22,,index,norgate breadth/index
$SPXDSSR,norgate,norgate_only_exclude_nontradeable,False,2026-04-22,,index,norgate breadth/index
$SPXDST,norgate,norgate_only_exclude_nontradeable,False,2026-04-22,,index,norgate breadth/index
$SPXDSVN,norgate,norgate_only_exclude_nontradeable,False,2026-04-22,,index,norgate breadth/index
$SPXDTES,norgate,norgate_only_exclude_nontradeable,False,2026-04-22,,index,norgate breadth/index
$SPXDTR,norgate,norgate_only_exclude_nontradeable,False,2026-04-22,,index,norgate breadth/index
$SPXE,norgate,norgate_only_exclude_nontradeable,False,2026-04-22,,index,norgate breadth/index
$SPXEEIS,norgate,norgate_only_exclude_nontradeable,False,2026-04-22,,index,norgate breadth/index
$SPXELCE,norgate,norgate_only_exclude_nontradeable,False,2026-04-22,,index,norgate breadth/index
$SPXELCO,norgate,norgate_only_exclude_nontradeable,False,2026-04-22,,index,norgate breadth/index
$SPXELCS,norgate,norgate_only_exclude_nontradeable,False,2026-04-22,,index,norgate breadth/index
$SPXELEC,norgate,norgate_only_exclude_nontradeable,False,2026-04-22,,index,norgate breadth/index
$SPXELEQ,norgate,norgate_only_exclude_nontradeable,False,2026-04-22,,index,norgate breadth/index
$SPXELMS,norgate,norgate_only_exclude_nontradeable,False,2026-04-22,,index,norgate breadth/index
$SPXELQ,norgate,norgate_only_exclude_nontradeable,False,2026-04-22,,index,norgate breadth/index
$SPXELUT,norgate,norgate_only_exclude_nontradeable,False,2026-04-22,,index,norgate breadth/index
$SPXEN,norgate,norgate_only_exclude_nontradeable,False,2026-04-22,,index,norgate breadth/index
$SPXENRM,norgate,norgate_only_exclude_nontradeable,False,2026-04-22,,index,norgate breadth/index
$SPXENS,norgate,norgate_only_exclude_nontradeable,False,2026-04-22,,index,norgate breadth/index
$SPXENT,norgate,norgate_only_exclude_nontradeable,False,2026-04-22,,index,norgate breadth/index
$SPXENTE,norgate,norgate_only_exclude_nontradeable,False,2026-04-22,,index,norgate breadth/index
$SPXENTS,norgate,norgate_only_exclude_nontradeable,False,2026-04-22,,index,norgate breadth/index
$SPXETR,norgate,norgate_only_exclude_nontradeable,False,2026-04-22,,index,norgate breadth/index
$SPXEVUP,norgate,norgate_only_exclude_nontradeable,False,2026-04-22,,index,norgate breadth/index
$SPXEVUT,norgate,norgate_only_exclude_nontradeable,False,2026-04-22,,index,norgate breadth/index
$SPXEW,norgate,norgate_only_exclude_nontradeable,False,2026-04-22,,index,norgate breadth/index
$SPXEWTR,norgate,norgate_only_exclude_nontradeable,False,2026-04-22,,index,norgate breadth/index
$SPXF,norgate,norgate_only_exclude_nontradeable,False,2026-04-22,,index,norgate breadth/index
$SPXFBT,norgate,norgate_only_exclude_nontradeable,False,2026-04-22,,index,norgate breadth/index
$SPXFD,norgate,norgate_only_exclude_nontradeable,False,2026-04-22,,index,norgate breadth/index
$SPXFDGR,norgate,norgate_only_exclude_nontradeable,False,2026-04-22,,index,norgate breadth/index
$SPXFDPR,norgate,norgate_only_exclude_nontradeable,False,2026-04-22,,index,norgate breadth/index
$SPXFODW,norgate,norgate_only_exclude_nontradeable,False,2026-04-22,,index,norgate breadth/index
$SPXFOOD,norgate,norgate_only_exclude_nontradeable,False,2026-04-22,,index,norgate breadth/index
$SPXFTR,norgate,norgate_only_exclude_nontradeable,False,2026-04-22,,index,norgate breadth/index
$SPXGARP,norgate,norgate_only_exclude_nontradeable,False,2026-04-22,,index,norgate breadth/index
$SPXGARPTR,norgate,norgate_only_exclude_nontradeable,False,2026-04-22,,index,norgate breadth/index
$SPXGOLD,norgate,norgate_only_exclude_nontradeable,False,2026-04-22,,index,norgate breadth/index
$SPXHC,norgate,norgate_only_exclude_nontradeable,False,2026-04-22,,index,norgate breadth/index
$SPXHCEQ,norgate,norgate_only_exclude_nontradeable,False,2026-04-22,,index,norgate breadth/index
$SPXHCLT,norgate,norgate_only_exclude_nontradeable,False,2026-04-22,,index,norgate breadth/index
$SPXHCPS,norgate,norgate_only_exclude_nontradeable,False,2026-04-22,,index,norgate breadth/index
$SPXHCR,norgate,norgate_only_exclude_nontradeable,False,2026-04-22,,index,norgate breadth/index
$SPXHCSP,norgate,norgate_only_exclude_nontradeable,False,2026-04-22,,index,norgate breadth/index
$SPXHCSS,norgate,norgate_only_exclude_nontradeable,False,2026-04-22,,index,norgate breadth/index
$SPXHDUP,norgate,norgate_only_exclude_nontradeable,False,2026-04-22,,index,norgate breadth/index
$SPXHDUT,norgate,norgate_only_exclude_nontradeable,False,2026-04-22,,index,norgate breadth/index
$SPXHHD,norgate,norgate_only_exclude_nontradeable,False,2026-04-22,,index,norgate breadth/index
$SPXHHPE,norgate,norgate_only_exclude_nontradeable,False,2026-04-22,,index,norgate breadth/index
$SPXHMO,norgate,norgate_only_exclude_nontradeable,False,2026-04-22,,index,norgate breadth/index
$SPXHOME,norgate,norgate_only_exclude_nontradeable,False,2026-04-22,,index,norgate breadth/index
$SPXHOPR,norgate,norgate_only_exclude_nontradeable,False,2026-04-22,,index,norgate breadth/index
$SPXHOTL,norgate,norgate_only_exclude_nontradeable,False,2026-04-22,,index,norgate breadth/index
$SPXHR,norgate,norgate_only_exclude_nontradeable,False,2026-04-22,,index,norgate breadth/index
$SPXHRE,norgate,norgate_only_exclude_nontradeable,False,2026-04-22,,index,norgate breadth/index
$SPXHRES,norgate,norgate_only_exclude_nontradeable,False,2026-04-22,,index,norgate breadth/index
$SPXHRL,norgate,norgate_only_exclude_nontradeable,False,2026-04-22,,index,norgate breadth/index
$SPXHYSC,norgate,norgate_only_exclude_nontradeable,False,2026-04-22,,index,norgate breadth/index
$SPXI,norgate,norgate_only_exclude_nontradeable,False,2026-04-22,,index,norgate breadth/index
$SPXIC,norgate,norgate_only_exclude_nontradeable,False,2026-04-22,,index,norgate breadth/index
$SPXICON,norgate,norgate_only_exclude_nontradeable,False,2026-04-22,,index,norgate breadth/index
$SPXIMS,norgate,norgate_only_exclude_nontradeable,False,2026-04-22,,index,norgate breadth/index
$SPXIMSE,norgate,norgate_only_exclude_nontradeable,False,2026-04-22,,index,norgate breadth/index
$SPXINDM,norgate,norgate_only_exclude_nontradeable,False,2026-04-22,,index,norgate breadth/index
$SPXINPC,norgate,norgate_only_exclude_nontradeable,False,2026-04-22,,index,norgate breadth/index
$SPXINSC,norgate,norgate_only_exclude_nontradeable,False,2026-04-22,,index,norgate breadth/index
$SPXINSE,norgate,norgate_only_exclude_nontradeable,False,2026-04-22,,index,norgate breadth/index
$SPXINSS,norgate,norgate_only_exclude_nontradeable,False,2026-04-22,,index,norgate breadth/index
$SPXINSU,norgate,norgate_only_exclude_nontradeable,False,2026-04-22,,index,norgate breadth/index
$SPXINVB,norgate,norgate_only_exclude_nontradeable,False,2026-04-22,,index,norgate breadth/index
$SPXIRE,norgate,norgate_only_exclude_nontradeable,False,2026-04-22,,index,norgate breadth/index
$SPXIS,norgate,norgate_only_exclude_nontradeable,False,2026-04-22,,index,norgate breadth/index
$SPXITCS,norgate,norgate_only_exclude_nontradeable,False,2026-04-22,,index,norgate breadth/index
$SPXITR,norgate,norgate_only_exclude_nontradeable,False,2026-04-22,,index,norgate breadth/index
$SPXL,norgate,norgate_only_exclude_nontradeable,False,2026-04-22,,index,norgate breadth/index
$SPXLEP,norgate,norgate_only_exclude_nontradeable,False,2026-04-22,,index,norgate breadth/index
$SPXLIFE,norgate,norgate_only_exclude_nontradeable,False,2026-04-22,,index,norgate breadth/index
$SPXLISCI,norgate,norgate_only_exclude_nontradeable,False,2026-04-22,,index,norgate breadth/index
$SPXLP,norgate,norgate_only_exclude_nontradeable,False,2026-04-22,,index,norgate breadth/index
$SPXLSCI,norgate,norgate_only_exclude_nontradeable,False,2026-04-22,,index,norgate breadth/index
$SPXLTR,norgate,norgate_only_exclude_nontradeable,False,2026-04-22,,index,norgate breadth/index
$SPXM,norgate,norgate_only_exclude_nontradeable,False,2026-04-22,,index,norgate breadth/index
$SPXMA,norgate,norgate_only_exclude_nontradeable,False,2026-04-22,,index,norgate breadth/index
$SPXMAC,norgate,norgate_only_exclude_nontradeable,False,2026-04-22,,index,norgate breadth/index
$SPXMAND,norgate,norgate_only_exclude_nontradeable,False,2026-04-22,,index,norgate breadth/index
$SPXMCHD,norgate,norgate_only_exclude_nontradeable,False,2026-04-22,,index,norgate breadth/index
$SPXMDIA,norgate,norgate_only_exclude_nontradeable,False,2026-04-22,,index,norgate breadth/index
$SPXME,norgate,norgate_only_exclude_nontradeable,False,2026-04-22,,index,norgate breadth/index
$SPXMED,norgate,norgate_only_exclude_nontradeable,False,2026-04-22,,index,norgate breadth/index
$SPXMEDA,norgate,norgate_only_exclude_nontradeable,False,2026-04-22,,index,norgate breadth/index
$SPXMFRR,norgate,norgate_only_exclude_nontradeable,False,2026-04-22,,index,norgate breadth/index
$SPXMMCO,norgate,norgate_only_exclude_nontradeable,False,2026-04-22,,index,norgate breadth/index
$SPXMS,norgate,norgate_only_exclude_nontradeable,False,2026-04-22,,index,norgate breadth/index
$SPXMSUT,norgate,norgate_only_exclude_nontradeable,False,2026-04-22,,index,norgate breadth/index
$SPXMTM,norgate,norgate_only_exclude_nontradeable,False,2026-04-22,,index,norgate breadth/index
$SPXMTR,norgate,norgate_only_exclude_nontradeable,False,2026-04-22,,index,norgate breadth/index
$SPXMULR,norgate,norgate_only_exclude_nontradeable,False,2026-04-22,,index,norgate breadth/index
$SPXMUUT,norgate,norgate_only_exclude_nontradeable,False,2026-04-22,,index,norgate breadth/index
$SPXOIG,norgate,norgate_only_exclude_nontradeable,False,2026-04-22,,index,norgate breadth/index
$SPXOILI,norgate,norgate_only_exclude_nontradeable,False,2026-04-22,,index,norgate breadth/index
$SPXOILP,norgate,norgate_only_exclude_nontradeable,False,2026-04-22,,index,norgate breadth/index
$SPXOILS,norgate,norgate_only_exclude_nontradeable,False,2026-04-22,,index,norgate breadth/index
$SPXOILW,norgate,norgate_only_exclude_nontradeable,False,2026-04-22,,index,norgate breadth/index
$SPXORE,norgate,norgate_only_exclude_nontradeable,False,2026-04-22,,index,norgate breadth/index
$SPXPEPR,norgate,norgate_only_exclude_nontradeable,False,2026-04-22,,index,norgate breadth/index
$SPXPERS,norgate,norgate_only_exclude_nontradeable,False,2026-04-22,,index,norgate breadth/index
$SPXPG,norgate,norgate_only_exclude_nontradeable,False,2026-04-22,,index,norgate breadth/index
$SPXPGTR,norgate,norgate_only_exclude_nontradeable,False,2026-04-22,,index,norgate breadth/index
$SPXPHB,norgate,norgate_only_exclude_nontradeable,False,2026-04-22,,index,norgate breadth/index
$SPXPM,norgate,norgate_only_exclude_nontradeable,False,2026-04-22,,index,norgate breadth/index
$SPXPPE,norgate,norgate_only_exclude_nontradeable,False,2026-04-22,,index,norgate breadth/index
$SPXPPET,norgate,norgate_only_exclude_nontradeable,False,2026-04-22,,index,norgate breadth/index
$SPXPPIN,norgate,norgate_only_exclude_nontradeable,False,2026-04-22,,index,norgate breadth/index
$SPXPPS,norgate,norgate_only_exclude_nontradeable,False,2026-04-22,,index,norgate breadth/index
$SPXPROD,norgate,norgate_only_exclude_nontradeable,False,2026-04-22,,index,norgate breadth/index
$SPXPROP,norgate,norgate_only_exclude_nontradeable,False,2026-04-22,,index,norgate breadth/index
$SPXPUBL,norgate,norgate_only_exclude_nontradeable,False,2026-04-22,,index,norgate breadth/index
$SPXPV,norgate,norgate_only_exclude_nontradeable,False,2026-04-22,,index,norgate breadth/index
$SPXPVTR,norgate,norgate_only_exclude_nontradeable,False,2026-04-22,,index,norgate breadth/index
$SPXQUP,norgate,norgate_only_exclude_nontradeable,False,2026-04-22,,index,norgate breadth/index
$SPXQUT,norgate,norgate_only_exclude_nontradeable,False,2026-04-22,,index,norgate breadth/index
$SPXR,norgate,norgate_only_exclude_nontradeable,False,2026-04-22,,index,norgate breadth/index
$SPXRAIL,norgate,norgate_only_exclude_nontradeable,False,2026-04-22,,index,norgate breadth/index
$SPXRAR,norgate,norgate_only_exclude_nontradeable,False,2026-04-22,,index,norgate breadth/index
$SPXRBNK,norgate,norgate_only_exclude_nontradeable,False,2026-04-22,,index,norgate breadth/index
$SPXRCSR,norgate,norgate_only_exclude_nontradeable,False,2026-04-22,,index,norgate breadth/index
$SPXREC,norgate,norgate_only_exclude_nontradeable,False,2026-04-22,,index,norgate breadth/index
$SPXREHC,norgate,norgate_only_exclude_nontradeable,False,2026-04-22,,index,norgate breadth/index
$SPXREHO,norgate,norgate_only_exclude_nontradeable,False,2026-04-22,,index,norgate breadth/index
$SPXREII,norgate,norgate_only_exclude_nontradeable,False,2026-04-22,,index,norgate breadth/index
$SPXREIO,norgate,norgate_only_exclude_nontradeable,False,2026-04-22,,index,norgate breadth/index
$SPXREMG,norgate,norgate_only_exclude_nontradeable,False,2026-04-22,,index,norgate breadth/index
$SPXRER,norgate,norgate_only_exclude_nontradeable,False,2026-04-22,,index,norgate breadth/index
$SPXRERD,norgate,norgate_only_exclude_nontradeable,False,2026-04-22,,index,norgate breadth/index
$SPXRESP,norgate,norgate_only_exclude_nontradeable,False,2026-04-22,,index,norgate breadth/index
$SPXRESR,norgate,norgate_only_exclude_nontradeable,False,2026-04-22,,index,norgate breadth/index
$SPXREST,norgate,norgate_only_exclude_nontradeable,False,2026-04-22,,index,norgate breadth/index
$SPXRETA,norgate,norgate_only_exclude_nontradeable,False,2026-04-22,,index,norgate breadth/index
$SPXRETF,norgate,norgate_only_exclude_nontradeable,False,2026-04-22,,index,norgate breadth/index
$SPXRETS,norgate,norgate_only_exclude_nontradeable,False,2026-04-22,,index,norgate breadth/index
$SPXRM,norgate,norgate_only_exclude_nontradeable,False,2026-04-22,,index,norgate breadth/index
$SPXRRE,norgate,norgate_only_exclude_nontradeable,False,2026-04-22,,index,norgate breadth/index
$SPXRTR,norgate,norgate_only_exclude_nontradeable,False,2026-04-22,,index,norgate breadth/index
$SPXS,norgate,norgate_only_exclude_nontradeable,False,2026-04-22,,index,norgate breadth/index
$SPXSE,norgate,norgate_only_exclude_nontradeable,False,2026-04-22,,index,norgate breadth/index
$SPXSEQP,norgate,norgate_only_exclude_nontradeable,False,2026-04-22,,index,norgate breadth/index
$SPXSFRR,norgate,norgate_only_exclude_nontradeable,False,2026-04-22,,index,norgate breadth/index
$SPXSHOE,norgate,norgate_only_exclude_nontradeable,False,2026-04-22,,index,norgate breadth/index
$SPXSOFW,norgate,norgate_only_exclude_nontradeable,False,2026-04-22,,index,norgate breadth/index
$SPXSPR,norgate,norgate_only_exclude_nontradeable,False,2026-04-22,,index,norgate breadth/index
$SPXSRT,norgate,norgate_only_exclude_nontradeable,False,2026-04-22,,index,norgate breadth/index
$SPXSSRE,norgate,norgate_only_exclude_nontradeable,False,2026-04-22,,index,norgate breadth/index
$SPXSTEEL,norgate,norgate_only_exclude_nontradeable,False,2026-04-22,,index,norgate breadth/index
$SPXSTR,norgate,norgate_only_exclude_nontradeable,False,2026-04-22,,index,norgate breadth/index
$SPXSYSF,norgate,norgate_only_exclude_nontradeable,False,2026-04-22,,index,norgate breadth/index
$SPXT,norgate,norgate_only_exclude_nontradeable,False,2026-04-22,,index,norgate breadth/index
$SPXTEHW,norgate,norgate_only_exclude_nontradeable,False,2026-04-22,,index,norgate breadth/index
$SPXTELP,norgate,norgate_only_exclude_nontradeable,False,2026-04-22,,index,norgate breadth/index
$SPXTEX,norgate,norgate_only_exclude_nontradeable,False,2026-04-22,,index,norgate breadth/index
$SPXTEXT,norgate,norgate_only_exclude_nontradeable,False,2026-04-22,,index,norgate breadth/index
$SPXTHSP,norgate,norgate_only_exclude_nontradeable,False,2026-04-22,,index,norgate breadth/index
$SPXTKBI,norgate,norgate_only_exclude_nontradeable,False,2026-04-22,,index,norgate breadth/index
$SPXTKCD,norgate,norgate_only_exclude_nontradeable,False,2026-04-22,,index,norgate breadth/index
$SPXTKCS,norgate,norgate_only_exclude_nontradeable,False,2026-04-22,,index,norgate breadth/index
$SPXTKDP,norgate,norgate_only_exclude_nontradeable,False,2026-04-22,,index,norgate breadth/index
$SPXTKSM,norgate,norgate_only_exclude_nontradeable,False,2026-04-22,,index,norgate breadth/index
$SPXTMRE,norgate,norgate_only_exclude_nontradeable,False,2026-04-22,,index,norgate breadth/index
$SPXTOBA,norgate,norgate_only_exclude_nontradeable,False,2026-04-22,,index,norgate breadth/index
$SPXTOBC,norgate,norgate_only_exclude_nontradeable,False,2026-04-22,,index,norgate breadth/index
$SPXTOYS,norgate,norgate_only_exclude_nontradeable,False,2026-04-22,,index,norgate breadth/index
$SPXTPPS,norgate,norgate_only_exclude_nontradeable,False,2026-04-22,,index,norgate breadth/index
$SPXTR,norgate,norgate_only_exclude_nontradeable,False,2026-04-22,,index,norgate breadth/index
$SPXTR1936,norgate,norgate_only_exclude_nontradeable,False,2026-04-22,,index,norgate breadth/index
$SPXTR1970,norgate,norgate_only_exclude_nontradeable,False,2026-04-22,,index,norgate breadth/index
$SPXTRA,norgate,norgate_only_exclude_nontradeable,False,2026-04-22,,index,norgate breadth/index
$SPXTRN,norgate,norgate_only_exclude_nontradeable,False,2026-04-22,,index,norgate breadth/index
$SPXTRNM,norgate,norgate_only_exclude_nontradeable,False,2026-04-22,,index,norgate breadth/index
$SPXTS,norgate,norgate_only_exclude_nontradeable,False,2026-04-22,,index,norgate breadth/index
$SPXTTR,norgate,norgate_only_exclude_nontradeable,False,2026-04-22,,index,norgate breadth/index
$SPXTTRE,norgate,norgate_only_exclude_nontradeable,False,2026-04-22,,index,norgate breadth/index
$SPXU,norgate,norgate_only_exclude_nontradeable,False,2026-04-22,,index,norgate breadth/index
$SPXUL,norgate,norgate_only_exclude_nontradeable,False,2026-04-22,,index,norgate breadth/index
$SPXUTR,norgate,norgate_only_exclude_nontradeable,False,2026-04-22,,index,norgate breadth/index
$STEEL,norgate,norgate_only_exclude_nontradeable,False,2026-04-22,,index,norgate breadth/index
$TDEX,norgate,norgate_only_exclude_nontradeable,False,2026-04-22,,index,norgate breadth/index
$UTY,norgate,norgate_only_exclude_nontradeable,False,2026-04-22,,index,norgate breadth/index
$VAY,norgate,norgate_only_exclude_nontradeable,False,2026-04-22,,index,norgate breadth/index
$VIX,norgate,norgate_only_exclude_nontradeable,True,2026-04-22,,index,norgate breadth/index
$VIX1D,norgate,norgate_only_exclude_nontradeable,False,2026-04-22,,index,norgate breadth/index
$VIX1Y,norgate,norgate_only_exclude_nontradeable,False,2026-04-22,,index,norgate breadth/index
$VIX3M,norgate,norgate_only_exclude_nontradeable,False,2026-04-22,,index,norgate breadth/index
$VIX6M,norgate,norgate_only_exclude_nontradeable,False,2026-04-22,,index,norgate breadth/index
$VIX9D,norgate,norgate_only_exclude_nontradeable,False,2026-04-22,,index,norgate breadth/index
$VLIC,norgate,norgate_only_exclude_nontradeable,False,2026-04-22,,index,norgate breadth/index
$VOLI,norgate,norgate_only_exclude_nontradeable,False,2026-04-22,,index,norgate breadth/index
$VVIX,norgate,norgate_only_exclude_nontradeable,False,2026-04-22,,index,norgate breadth/index
$VXEEM,norgate,norgate_only_exclude_nontradeable,False,2026-04-22,,index,norgate breadth/index
$VXEFA,norgate,norgate_only_exclude_nontradeable,False,2026-04-22,,index,norgate breadth/index
$VXEWZ,norgate,norgate_only_exclude_nontradeable,False,2026-04-22,,index,norgate breadth/index
$VXN,norgate,norgate_only_exclude_nontradeable,True,2026-04-22,,index,norgate breadth/index
$VXTLT,norgate,norgate_only_exclude_nontradeable,False,2026-04-22,,index,norgate breadth/index
$XAL,norgate,norgate_only_exclude_nontradeable,False,2026-04-22,,index,norgate breadth/index
$XAU,norgate,norgate_only_exclude_nontradeable,False,2026-04-22,,index,norgate breadth/index
$XAX,norgate,norgate_only_exclude_nontradeable,False,2026-04-22,,index,norgate breadth/index
$XBD,norgate,norgate_only_exclude_nontradeable,False,2026-04-22,,index,norgate breadth/index
$XCI,norgate,norgate_only_exclude_nontradeable,False,2026-04-22,,index,norgate breadth/index
$XCMP,norgate,norgate_only_exclude_nontradeable,False,2026-04-22,,index,norgate breadth/index
$XII,norgate,norgate_only_exclude_nontradeable,False,2026-04-22,,index,norgate breadth/index
$XNG,norgate,norgate_only_exclude_nontradeable,False,2026-04-22,,index,norgate breadth/index
$XOI,norgate,norgate_only_exclude_nontradeable,False,2026-04-22,,index,norgate breadth/index
$XTC,norgate,norgate_only_exclude_nontradeable,False,2026-04-22,,index,norgate breadth/index
$YLDA,norgate,norgate_only_exclude_nontradeable,False,2026-04-22,,index,norgate breadth/index
